{
    "resources": [
        {
            "name": "../../../../zsm/itsm/myreq/cust/index.html"
        },
        {
            "name": "../../../../zsm/itsm/myreq/cust/i18n/i18n_zh_CN.properties",
            "raw": "i18n/i18n.properties",
            "locale": "_zh_CN"
        },
        {
            "name": "../../../../zsm/itsm/myreq/cust/i18n/i18n_tr.properties",
            "raw": "i18n/i18n.properties",
            "locale": "_tr"
        },
        {
            "name": "../../../../zsm/itsm/myreq/cust/i18n/i18n_ru.properties",
            "raw": "i18n/i18n.properties",
            "locale": "_ru"
        },
        {
            "name": "../../../../zsm/itsm/myreq/cust/i18n/i18n_zh_TW.properties",
            "raw": "i18n/i18n.properties",
            "locale": "_zh_TW"
        },
        {
            "name": "../../../../zsm/itsm/myreq/cust/i18n/i18n_pl.properties",
            "raw": "i18n/i18n.properties",
            "locale": "_pl"
        },
        {
            "name": "../../../../zsm/itsm/myreq/cust/i18n/i18n_nl.properties",
            "raw": "i18n/i18n.properties",
            "locale": "_nl"
        },
        {
            "name": "../../../../zsm/itsm/myreq/cust/i18n/i18n_ko.properties",
            "raw": "i18n/i18n.properties",
            "locale": "_ko"
        },
        {
            "name": "../../../../zsm/itsm/myreq/cust/i18n/i18n_ja.properties",
            "raw": "i18n/i18n.properties",
            "locale": "_ja"
        },
        {
            "name": "../../../../zsm/itsm/myreq/cust/i18n/i18n_iw.properties",
            "raw": "i18n/i18n.properties",
            "locale": "_iw"
        },
        {
            "name": "../../../../zsm/itsm/myreq/cust/i18n/i18n_it.properties",
            "raw": "i18n/i18n.properties",
            "locale": "_it"
        },
        {
            "name": "../../../../zsm/itsm/myreq/cust/i18n/i18n_hu.properties",
            "raw": "i18n/i18n.properties",
            "locale": "_hu"
        },
        {
            "name": "../../../../zsm/itsm/myreq/cust/i18n/i18n_fr.properties",
            "raw": "i18n/i18n.properties",
            "locale": "_fr"
        },
        {
            "name": "../../../../zsm/itsm/myreq/cust/i18n/i18n_es.properties",
            "raw": "i18n/i18n.properties",
            "locale": "_es"
        },
        {
            "name": "../../../../zsm/itsm/myreq/cust/i18n/i18n_en_US_saptrc.properties",
            "raw": "i18n/i18n.properties",
            "locale": "_en_US_saptrc"
        },
        {
            "name": "../../../../zsm/itsm/myreq/cust/i18n/i18n_en_US_sappsd.properties",
            "raw": "i18n/i18n.properties",
            "locale": "_en_US_sappsd"
        },
        {
            "name": "../../../../zsm/itsm/myreq/cust/i18n/i18n_en.properties",
            "raw": "i18n/i18n.properties",
            "locale": "_en"
        },
        {
            "name": "../../../../zsm/itsm/myreq/cust/i18n/i18n_de.properties",
            "raw": "i18n/i18n.properties",
            "locale": "_de"
        },
        {
            "name": "../../../../zsm/itsm/myreq/cust/i18n/i18n_da.properties",
            "raw": "i18n/i18n.properties",
            "locale": "_da"
        },
        {
            "name": "../../../../zsm/itsm/myreq/cust/i18n/i18n_cs.properties",
            "raw": "i18n/i18n.properties",
            "locale": "_cs"
        },
        {
            "name": "../../../../zsm/itsm/myreq/cust/i18n/i18n_ar.properties",
            "raw": "i18n/i18n.properties",
            "locale": "_ar"
        },
        {
            "name": "../../../../zsm/itsm/myreq/cust/i18n/i18n.properties",
            "raw": "i18n/i18n.properties"
        },
        {
            "name": "../../../../zsm/itsm/myreq/cust/view/Create.controller.js"
        },
        {
            "name": "../../../../zsm/itsm/myreq/cust/resources.json",
            "merged": true
        },
        {
            "name": "../../../../zsm/itsm/myreq/cust/manifest.json"
        },
        {
            "name": "../../../../zsm/itsm/myreq/cust/view/S3.controller.js"
        },
        {
            "name": "../../../../zsm/itsm/myreq/cust/view/S2.controller.js"
        },
        {
            "name": "../../../../zsm/itsm/myreq/cust/view/ListSelector.js"
        },
        {
            "name": "../../../../zsm/itsm/myreq/cust/view/ErrorHandler.js"
        },
        {
            "name": "../../../../zsm/itsm/myreq/cust/view/Details.controller.js"
        },
        {
            "name": "../../../../zsm/itsm/myreq/cust/version.json"
        },
        {
            "name": "../../../../zsm/itsm/myreq/cust/view/BaseController.js"
        },
        {
            "name": "../../../../zsm/itsm/myreq/cust/view/App.controller.js"
        },
        {
            "name": "../../../../zsm/itsm/myreq/cust/util/Util.js"
        },
        {
            "name": "../../../../zsm/itsm/myreq/cust/util/Util-dbg-old.js",
            "isDebug": true
        },
        {
            "name": "../../../../zsm/itsm/myreq/cust/util/TableOperations.js"
        },
        {
            "name": "../../../../zsm/itsm/myreq/cust/util/TableOperations-dbg.js",
            "isDebug": true
        },
        {
            "name": "../../../../zsm/itsm/myreq/cust/util/Formatter.js"
        },
        {
            "name": "../../../../zsm/itsm/myreq/cust/util/Formatter-dbg.js",
            "isDebug": true
        },
        {
            "name": "../../../../zsm/itsm/myreq/cust/model/models.js"
        },
        {
            "name": "../../../../zsm/itsm/myreq/cust/model/models-dbg.js",
            "isDebug": true
        },
        {
            "name": "../../../../zsm/itsm/myreq/cust/localService/mockserver_smi.js"
        },
        {
            "name": "../../../../zsm/itsm/myreq/cust/localService/mockserver_smi-dbg.js",
            "isDebug": true
        },
        {
            "name": "../../../../zsm/itsm/myreq/cust/localService/mockserver.js"
        },
        {
            "name": "../../../../zsm/itsm/myreq/cust/localService/mockserver-dbg.js",
            "isDebug": true
        },
        {
            "name": "../../../../zsm/itsm/myreq/cust/Configuration.js"
        },
        {
            "name": "../../../../zsm/itsm/myreq/cust/Component.js"
        },
        {
            "name": "../../../../zsm/itsm/myreq/cust/manifest-bundle.zip"
        },
        {
            "name": "../../../../zsm/itsm/myreq/cust/Component-preload.js",
            "merged": true
        },
        {
            "name": "../../../../zsm/itsm/myreq/cust/view/S3-dbg.controller.js",
            "isDebug": true
        },
        {
            "name": "../../../../zsm/itsm/myreq/cust/view/S2-dbg.controller.js",
            "isDebug": true
        },
        {
            "name": "../../../../zsm/itsm/myreq/cust/view/ListSelector-dbg.js",
            "isDebug": true
        },
        {
            "name": "../../../../zsm/itsm/myreq/cust/view/ErrorHandler-dbg.js",
            "isDebug": true
        },
        {
            "name": "../../../../zsm/itsm/myreq/cust/view/Details-dbg.controller.js",
            "isDebug": true
        },
        {
            "name": "../../../../zsm/itsm/myreq/cust/view/Create-dbg.controller.js",
            "isDebug": true
        },
        {
            "name": "../../../../zsm/itsm/myreq/cust/view/BaseController-dbg.js",
            "isDebug": true
        },
        {
            "name": "../../../../zsm/itsm/myreq/cust/view/App-dbg.controller.js",
            "isDebug": true
        },
        {
            "name": "../../../../zsm/itsm/myreq/cust/util/Util-dbg.js",
            "isDebug": true
        },
        {
            "name": "../../../../zsm/itsm/myreq/cust/util/Util-dbg-old-dbg.js",
            "isDebug": true
        },
        {
            "name": "../../../../zsm/itsm/myreq/cust/util/TableOperations-dbg-dbg.js",
            "isDebug": true
        },
        {
            "name": "../../../../zsm/itsm/myreq/cust/util/Formatter-dbg-dbg.js",
            "isDebug": true
        },
        {
            "name": "../../../../zsm/itsm/myreq/cust/model/models-dbg-dbg.js",
            "isDebug": true
        },
        {
            "name": "../../../../zsm/itsm/myreq/cust/localService/mockserver_smi-dbg-dbg.js",
            "isDebug": true
        },
        {
            "name": "../../../../zsm/itsm/myreq/cust/localService/mockserver-dbg-dbg.js",
            "isDebug": true
        },
        {
            "name": "../../../../zsm/itsm/myreq/cust/Configuration-dbg.js",
            "isDebug": true
        },
        {
            "name": "../../../../zsm/itsm/myreq/cust/Component-dbg.js",
            "isDebug": true
        },
        {
            "name": "../../../../sap-ui-version.json"
        },
        {
            "name": "../../../../zsm/itsm/myreq/cust/view/fragments/WithdrawDialog.fragment.xml"
        },
        {
            "name": "../../../../zsm/itsm/myreq/cust/view/fragments/QuickView.fragment.xml"
        },
        {
            "name": "../../../../zsm/itsm/myreq/cust/view/fragments/ConfirmDialog.fragment.xml"
        },
        {
            "name": "../../../../zsm/itsm/myreq/cust/view/fragments/ComponentPopover.fragment.xml"
        },
        {
            "name": "../../../../zsm/itsm/myreq/cust/view/fragments/CategoryPopover.fragment.xml"
        },
        {
            "name": "../../../../zsm/itsm/myreq/cust/view/fragments/BusyDialog.fragment.xml"
        },
        {
            "name": "../../../../zsm/itsm/myreq/cust/view/S3.view.xml"
        },
        {
            "name": "../../../../zsm/itsm/myreq/cust/view/S2.view.xml"
        },
        {
            "name": "../../../../zsm/itsm/myreq/cust/view/NotFound.view.xml"
        },
        {
            "name": "../../../../zsm/itsm/myreq/cust/view/DetailObjectNotFound.view.xml"
        },
        {
            "name": "../../../../zsm/itsm/myreq/cust/view/DetailNoObjectsAvailable.view.xml"
        },
        {
            "name": "../../../../zsm/itsm/myreq/cust/view/Create.view.xml"
        },
        {
            "name": "../../../../zsm/itsm/myreq/cust/view/App.view.xml"
        },
        {
            "name": "../../../../zsm/itsm/myreq/cust/localService/metadata_smi.xml"
        },
        {
            "name": "../../../../zsm/itsm/myreq/cust/localService/metadata.xml"
        },
        {
            "name": "../../../../zsm/itsm/myreq/cust/css/scfld.css"
        },
        {
            "name": "../../../../zsm/itsm/myreq/cust/css/scfld-dbg.css",
            "isDebug": true
        },
        {
            "name": "../../../../zsm/itsm/myreq/cust/WEB-INF/web.xml"
        },
        {
            "name": "../../../../zsm/itsm/myreq/cust/META-INF/MANIFEST.MF"
        },
        {
            "name": "../../../../zsm/itsm/myreq/cust/i18n/i18n_pt.properties",
            "raw": "i18n/i18n.properties",
            "locale": "_pt"
        }
    ]
}