{
  "localService/ZAC_RISK_SRV/Icon\r": 1600173399000,
  "i18n/i18n_en.properties": 1600173399000,
  "controller/Page1.controller.js": 1600173399000,
  "test/Component-changes.json": 1600173399000,
  "model/mock.json": 1600173399000,
  ".che/project.json": 1600173399000,
  "manifest.json": 1600803807126,
  ".project.json": 1600173399000,
  "model/models.js": 1600173399000,
  "model/errorHandling.js": 1600173399000,
  "localService/mockserver.js": 1600173399000,
  "controller/utilities.js": 1600173399000,
  "controller/RiesgosTi.controller.js": 1600173399000,
  "controller/RiesgosAll.controller.js": 1600173399000,
  "controller/RiesgosAg.controller.js": 1600173399000,
  "controller/Page6.controller.js": 1600173399000,
  "controller/Page2.controller.js": 1600173399000,
  "test/fakeLRep.json": 1600173399000,
  "controller/Main.controller.js": 1600173399000,
  "controller/Launchpad.controller.js": 1600173399000,
  "serviceBinding.js": 1600173399000,
  "Component.js": 1600173399000,
  "manifest-bundle.zip": 1600803805731,
  "Component-preload.js": 1600803806632,
  "controller/Page2-dbg.controller.js": 1600173399000,
  "model/errorHandling-dbg.js": 1600173399000,
  "localService/mockserver-dbg.js": 1600173399000,
  "controller/utilities-dbg.js": 1600173399000,
  "controller/RiesgosTi-dbg.controller.js": 1600173399000,
  "controller/RiesgosAll-dbg.controller.js": 1600173399000,
  "controller/RiesgosAg-dbg.controller.js": 1600173399000,
  "controller/Page6-dbg.controller.js": 1600173399000,
  "model/models-dbg.js": 1600173399000,
  "controller/Page1-dbg.controller.js": 1600173399000,
  "controller/Main-dbg.controller.js": 1600173399000,
  "controller/Launchpad-dbg.controller.js": 1600173399000,
  "serviceBinding-dbg.js": 1600173399000,
  "Component-dbg.js": 1600173399000,
  "zac_risk/resources.json": 1600803807142,
  "view/fragments/Icon\r": 1600173399000,
  "view/fragments/Dialog.fragment.xml": 1600173399000,
  "localService/ZAC_RISK_SRV/metadata.xml": 1600173399000,
  "i18n/i18n.properties": 1600173399000,
  "view/RiesgosTi.view.xml": 1600173399000,
  "view/RiesgosAll.view.xml": 1600173399000,
  "view/RiesgosAg.view.xml": 1600173399000,
  "view/Page6.view.xml": 1600173399000,
  "view/Page2.view.xml": 1600173399000,
  "view/Page1.view.xml": 1600173399000,
  "view/Main.view.xml": 1600173399000,
  "view/Launchpad.view.xml": 1600173399000,
  "view/Icon\r": 1600173399000,
  "test/testFLPServiceMockServer.html": 1600173399000,
  "test/testFLPService.html": 1600173399000,
  "test/Icon\r": 1600173399000,
  "model/Icon\r": 1600173399000,
  "localService/metadata.xml": 1600173399000,
  "localService/Icon\r": 1600173399000,
  "i18n/Icon\r": 1600173399000,
  "css/style.css": 1600173399000,
  "css/Icon\r": 1600173399000,
  "controller/Icon\r": 1600173399000,
  "WEB-INF/web.xml": 1600173399000,
  "WEB-INF/Icon\r": 1600173399000,
  ".che/Icon\r": 1600173399000,
  "index.html": 1600173399000,
  "Icon\r": 1600173399000
}