{
  "META-INF/MANIFEST.MF": 1600173399000,
  "view/utils/connectivity.js": 1600173399000,
  "view/ppal.view.js": 1600173399000,
  "js/util.js": 1600173399000,
  "controller/ppal.controller.js": 1600173399000,
  "manifest.json": 1600803824218,
  "controller/listadoant.controller.js": 1600173399000,
  "controller/listadoadm.controller.js": 1600173399000,
  "controller/listado.controller.js": 1600173399000,
  "controller/formulario.controller.js": 1600173399000,
  "controller/BaseController.js": 1600173399000,
  "Component.js": 1600173399000,
  "Component-preload.js": 1600803823654,
  "manifest-bundle.zip": 1600803823104,
  "controller/formulario-dbg.controller.js": 1600173399000,
  "view/ppal-dbg.view.js": 1600173399000,
  "js/util-dbg.js": 1600173399000,
  "controller/ppal-dbg.controller.js": 1600173399000,
  "controller/menu-dbg.controller.js": 1600173399000,
  "controller/listadoant-dbg.controller.js": 1600173399000,
  "controller/listadoadm-dbg.controller.js": 1600173399000,
  "controller/listado-dbg.controller.js": 1600173399000,
  "view/utils/connectivity-dbg.js": 1600173399000,
  "controller/BaseController-dbg.js": 1600173399000,
  "Component-dbg.js": 1600173399000,
  "Component-preload-dbg.js": 1600803823654,
  "view/utils/Icon\r": 1600173399000,
  "view/menu.view.xml": 1600173399000,
  "view/listadoant.view.xml": 1600173399000,
  "view/listadoadm.view.xml": 1600173399000,
  "view/listado.view.xml": 1600173399000,
  "view/formulario.view.xml": 1600173399000,
  "view/Icon\r": 1600173399000,
  "js/Icon\r": 1600173399000,
  "img/vinedo.jpg": 1600173399000,
  "img/vina.jpg": 1600173399000,
  "img/cyt4.jpg": 1600173399000,
  "img/cyt3.jpg": 1600173399000,
  "img/cyt2.jpg": 1600173399000,
  "img/cyt1.jpg": 1600173399000,
  "img/bannerHis.png": 1600173399000,
  "img/bannerEno.png": 1600173399000,
  "img/bannerAdm.png": 1600173399000,
  "img/banner1.png": 1600173399000,
  "img/banner1.jpg": 1600173399000,
  "img/banner1.gif": 1600173399000,
  "img/Icon\r": 1600173399000,
  "css/style.css": 1600173399000,
  "css/Icon\r": 1600173399000,
  "controller/Icon\r": 1600173399000,
  "WEB-INF/web.xml": 1600173399000,
  "WEB-INF/Icon\r": 1600173399000,
  "controller/menu.controller.js": 1600173399000,
  "META-INF/Icon\r": 1600173399000,
  "index.html": 1600173399000,
  "Icon\r": 1600173399000
}