{
  "js/Icon\r": 1600173399000,
  "controller/ppal.controller.js": 1600173399000,
  "view/utils/connectivity.js": 1600796209679,
  "view/ppal.view.js": 1600173399000,
  "js/util.js": 1600173399000,
  "controller/rechazoPopup.controller.js": 1600173399000,
  "manifest.json": 1600803844729,
  "controller/master.controller.js": 1600796309067,
  "controller/detalle.controller.js": 1600173399000,
  "controller/confirmaPopup.controller.js": 1600173399000,
  "Component.js": 1600173398000,
  "Component-preload.js": 1600803844408,
  "manifest-bundle.zip": 1600803843406,
  "controller/ppal-dbg.controller.js": 1600173399000,
  "view/ppal-dbg.view.js": 1600173399000,
  "js/util-dbg.js": 1600173399000,
  "controller/rechazoPopup-dbg.controller.js": 1600173399000,
  "view/utils/connectivity-dbg.js": 1600796209679,
  "controller/master-dbg.controller.js": 1600796309067,
  "controller/detalle-dbg.controller.js": 1600173399000,
  "controller/confirmaPopup-dbg.controller.js": 1600173399000,
  "Component-dbg.js": 1600173398000,
  "Component-preload-dbg.js": 1600803844408,
  "view/utils/rechazoPopup.view.xml": 1600173399000,
  "view/utils/confirmaPopup.view.xml": 1600173399000,
  "view/utils/Icon\r": 1600173399000,
  "view/master.view.xml": 1600173399000,
  "view/detalle.view.xml": 1600173399000,
  "view/Icon\r": 1600173399000,
  "i18n/i18n.properties": 1600173399000,
  "i18n/Icon\r": 1600173399000,
  "css/Style.css": 1600173399000,
  "css/Icon\r": 1600173399000,
  "controller/Icon\r": 1600173398000,
  "WEB-INF/web.xml": 1600173398000,
  "WEB-INF/Icon\r": 1600173398000,
  "META-INF/MANIFEST.MF": 1600173398000,
  "META-INF/Icon\r": 1600173398000,
  "index.html": 1600173399000,
  "Icon\r": 1600173398000
}