{
    "resources": [
        {
            "name": "../../liberarPrecioExp/controller/BaseController.js"
        },
        {
            "name": "../../liberarPrecioExp/i18n/i18n_es.properties",
            "raw": "i18n/i18n.properties",
            "locale": "_es"
        },
        {
            "name": "../../liberarPrecioExp/i18n/i18n.properties",
            "raw": "i18n/i18n.properties"
        },
        {
            "name": "../../liberarPrecioExp/view/utils/connectivity.js"
        },
        {
            "name": "../../liberarPrecioExp/controller/inicio.controller.js"
        },
        {
            "name": "../../liberarPrecioExp/controller/detalleCondicion.controller.js"
        },
        {
            "name": "../../liberarPrecioExp/controller/app.controller.js"
        },
        {
            "name": "../../liberarPrecioExp/manifest.json"
        },
        {
            "name": "../../liberarPrecioExp/Component.js"
        },
        {
            "name": "../../liberarPrecioExp/Component-preload.js",
            "merged": true
        },
        {
            "name": "../../liberarPrecioExp/manifest-bundle.zip"
        },
        {
            "name": "../../liberarPrecioExp/controller/app-dbg.controller.js",
            "isDebug": true
        },
        {
            "name": "../../liberarPrecioExp/controller/inicio-dbg.controller.js",
            "isDebug": true
        },
        {
            "name": "../../liberarPrecioExp/controller/detalleCondicion-dbg.controller.js",
            "isDebug": true
        },
        {
            "name": "../../liberarPrecioExp/view/utils/connectivity-dbg.js",
            "isDebug": true
        },
        {
            "name": "../../liberarPrecioExp/controller/BaseController-dbg.js",
            "isDebug": true
        },
        {
            "name": "../../liberarPrecioExp/Component-dbg.js",
            "isDebug": true
        },
        {
            "name": "../../liberarPrecioExp/Component-preload-dbg.js",
            "isDebug": true
        },
        {
            "name": "../../sap-ui-version.json"
        },
        {
            "name": "../../liberarPrecioExp/view/ppal.view.xml"
        },
        {
            "name": "../../liberarPrecioExp/view/master.view.xml"
        },
        {
            "name": "../../liberarPrecioExp/view/inicio.view.xml"
        },
        {
            "name": "../../liberarPrecioExp/view/empty.view.xml"
        },
        {
            "name": "../../liberarPrecioExp/view/detalleCondicion.view.xml"
        },
        {
            "name": "../../liberarPrecioExp/view/ViewSettingsDialog.fragment.xml"
        },
        {
            "name": "../../liberarPrecioExp/view/RejectDialog.fragment.xml"
        },
        {
            "name": "../../liberarPrecioExp/view/ApproveDialog.fragment.xml"
        },
        {
            "name": "../../liberarPrecioExp/img/vct.png"
        },
        {
            "name": "../../liberarPrecioExp/img/trivento.png"
        },
        {
            "name": "../../liberarPrecioExp/img/cyt-logo.jpeg"
        },
        {
            "name": "../../liberarPrecioExp/img/cl2@2.png"
        },
        {
            "name": "../../liberarPrecioExp/img/cl2@1.5.png"
        },
        {
            "name": "../../liberarPrecioExp/img/cl.png"
        },
        {
            "name": "../../liberarPrecioExp/img/ar2@2.png"
        },
        {
            "name": "../../liberarPrecioExp/img/ar2@1.5.png"
        },
        {
            "name": "../../liberarPrecioExp/img/ar.png"
        },
        {
            "name": "../../liberarPrecioExp/css/Style.css"
        },
        {
            "name": "../../liberarPrecioExp/WEB-INF/web.xml"
        },
        {
            "name": "../../liberarPrecioExp/META-INF/MANIFEST.MF"
        },
        {
            "name": "../../liberarPrecioExp/index.html"
        }
    ]
}