{
  "META-INF/Icon\r": 1600173398000,
  "i18n/i18n_es.properties": 1600173398000,
  "controller/BaseController.js": 1600173398000,
  "view/utils/connectivity.js": 1600173398000,
  "controller/inicio.controller.js": 1600173398000,
  "controller/detalleCondicion.controller.js": 1600173398000,
  "controller/app.controller.js": 1600173398000,
  "manifest.json": 1600803816126,
  "Component.js": 1600173398000,
  "Component-preload.js": 1600803815930,
  "manifest-bundle.zip": 1600803815562,
  "controller/app-dbg.controller.js": 1600173398000,
  "controller/inicio-dbg.controller.js": 1600173398000,
  "controller/detalleCondicion-dbg.controller.js": 1600173398000,
  "view/utils/connectivity-dbg.js": 1600173398000,
  "controller/BaseController-dbg.js": 1600173398000,
  "Component-dbg.js": 1600173398000,
  "Component-preload-dbg.js": 1600803815930,
  "view/utils/Icon\r": 1600173398000,
  "view/ppal.view.xml": 1600173398000,
  "view/master.view.xml": 1600173398000,
  "view/inicio.view.xml": 1600173398000,
  "view/empty.view.xml": 1600173398000,
  "view/detalleCondicion.view.xml": 1600173398000,
  "view/ViewSettingsDialog.fragment.xml": 1600173398000,
  "view/RejectDialog.fragment.xml": 1600173398000,
  "view/Icon\r": 1600173398000,
  "view/ApproveDialog.fragment.xml": 1600173398000,
  "img/vct.png": 1600173398000,
  "img/trivento.png": 1600173398000,
  "img/cyt-logo.jpeg": 1600173398000,
  "img/cl2@2.png": 1600173398000,
  "img/cl2@1.5.png": 1600173398000,
  "img/cl.png": 1600173398000,
  "img/ar2@2.png": 1600173398000,
  "img/ar2@1.5.png": 1600173398000,
  "img/ar.png": 1600173398000,
  "img/Icon\r": 1600173398000,
  "i18n/Icon\r": 1600173398000,
  "css/Style.css": 1600173398000,
  "css/Icon\r": 1600173398000,
  "controller/Icon\r": 1600173398000,
  "WEB-INF/web.xml": 1600173398000,
  "WEB-INF/Icon\r": 1600173398000,
  "META-INF/MANIFEST.MF": 1600173398000,
  "i18n/i18n.properties": 1600173398000,
  "index.html": 1600173398000,
  "Icon\r": 1600173398000
}