{
  "_version": "1.1.0",
  "resources": [
    {
      "name": "Component-dbg.js",
      "module": "zsm/itsm/myreq/cust/Component.js",
      "isDebug": true,
      "required": [
        "sap/ui/core/UIComponent.js",
        "sap/ui/Device.js",
        "zsm/itsm/myreq/cust/model/models.js",
        "zsm/itsm/myreq/cust/view/ListSelector.js",
        "zsm/itsm/myreq/cust/view/ErrorHandler.js",
        "zsm/itsm/myreq/cust/util/Formatter.js",
        "zsm/itsm/myreq/cust/util/Util.js"
      ]
    },
    {
      "name": "Component-preload.js",
      "merged": true
    },
    {
      "name": "Component.js",
      "module": "zsm/itsm/myreq/cust/Component.js",
      "required": [
        "sap/ui/core/UIComponent.js",
        "sap/ui/Device.js",
        "zsm/itsm/myreq/cust/model/models.js",
        "zsm/itsm/myreq/cust/view/ListSelector.js",
        "zsm/itsm/myreq/cust/view/ErrorHandler.js",
        "zsm/itsm/myreq/cust/util/Formatter.js",
        "zsm/itsm/myreq/cust/util/Util.js"
      ]
    },
    {
      "name": "i18n/i18n.properties",
      "module": "zsm/itsm/myreq/cust/i18n/i18n.properties",
      "locale": "",
      "raw": "i18n/i18n.properties"
    },
    {
      "name": "i18n/i18n_ar.properties",
      "module": "zsm/itsm/myreq/cust/i18n/i18n_ar.properties",
      "locale": "ar",
      "raw": "i18n/i18n.properties"
    },
    {
      "name": "i18n/i18n_cs.properties",
      "module": "zsm/itsm/myreq/cust/i18n/i18n_cs.properties",
      "locale": "cs",
      "raw": "i18n/i18n.properties"
    },
    {
      "name": "i18n/i18n_da.properties",
      "module": "zsm/itsm/myreq/cust/i18n/i18n_da.properties",
      "locale": "da",
      "raw": "i18n/i18n.properties"
    },
    {
      "name": "i18n/i18n_de.properties",
      "module": "zsm/itsm/myreq/cust/i18n/i18n_de.properties",
      "locale": "de",
      "raw": "i18n/i18n.properties"
    },
    {
      "name": "i18n/i18n_en.properties",
      "module": "zsm/itsm/myreq/cust/i18n/i18n_en.properties",
      "locale": "en",
      "raw": "i18n/i18n.properties"
    },
    {
      "name": "i18n/i18n_en_US_sappsd.properties",
      "module": "zsm/itsm/myreq/cust/i18n/i18n_en_US_sappsd.properties",
      "locale": "en_US_sappsd",
      "raw": "i18n/i18n.properties"
    },
    {
      "name": "i18n/i18n_en_US_saptrc.properties",
      "module": "zsm/itsm/myreq/cust/i18n/i18n_en_US_saptrc.properties",
      "locale": "en_US_saptrc",
      "raw": "i18n/i18n.properties"
    },
    {
      "name": "i18n/i18n_es.properties",
      "module": "zsm/itsm/myreq/cust/i18n/i18n_es.properties",
      "locale": "es",
      "raw": "i18n/i18n.properties"
    },
    {
      "name": "i18n/i18n_fr.properties",
      "module": "zsm/itsm/myreq/cust/i18n/i18n_fr.properties",
      "locale": "fr",
      "raw": "i18n/i18n.properties"
    },
    {
      "name": "i18n/i18n_hu.properties",
      "module": "zsm/itsm/myreq/cust/i18n/i18n_hu.properties",
      "locale": "hu",
      "raw": "i18n/i18n.properties"
    },
    {
      "name": "i18n/i18n_it.properties",
      "module": "zsm/itsm/myreq/cust/i18n/i18n_it.properties",
      "locale": "it",
      "raw": "i18n/i18n.properties"
    },
    {
      "name": "i18n/i18n_iw.properties",
      "module": "zsm/itsm/myreq/cust/i18n/i18n_iw.properties",
      "locale": "iw",
      "raw": "i18n/i18n.properties"
    },
    {
      "name": "i18n/i18n_ja.properties",
      "module": "zsm/itsm/myreq/cust/i18n/i18n_ja.properties",
      "locale": "ja",
      "raw": "i18n/i18n.properties"
    },
    {
      "name": "i18n/i18n_ko.properties",
      "module": "zsm/itsm/myreq/cust/i18n/i18n_ko.properties",
      "locale": "ko",
      "raw": "i18n/i18n.properties"
    },
    {
      "name": "i18n/i18n_nl.properties",
      "module": "zsm/itsm/myreq/cust/i18n/i18n_nl.properties",
      "locale": "nl",
      "raw": "i18n/i18n.properties"
    },
    {
      "name": "i18n/i18n_pl.properties",
      "module": "zsm/itsm/myreq/cust/i18n/i18n_pl.properties",
      "locale": "pl",
      "raw": "i18n/i18n.properties"
    },
    {
      "name": "i18n/i18n_pt.properties",
      "module": "zsm/itsm/myreq/cust/i18n/i18n_pt.properties",
      "locale": "pt",
      "raw": "i18n/i18n.properties"
    },
    {
      "name": "i18n/i18n_ru.properties",
      "module": "zsm/itsm/myreq/cust/i18n/i18n_ru.properties",
      "locale": "ru",
      "raw": "i18n/i18n.properties"
    },
    {
      "name": "i18n/i18n_tr.properties",
      "module": "zsm/itsm/myreq/cust/i18n/i18n_tr.properties",
      "locale": "tr",
      "raw": "i18n/i18n.properties"
    },
    {
      "name": "i18n/i18n_zh_CN.properties",
      "module": "zsm/itsm/myreq/cust/i18n/i18n_zh_CN.properties",
      "locale": "zh_CN",
      "raw": "i18n/i18n.properties"
    },
    {
      "name": "i18n/i18n_zh_TW.properties",
      "module": "zsm/itsm/myreq/cust/i18n/i18n_zh_TW.properties",
      "locale": "zh_TW",
      "raw": "i18n/i18n.properties"
    },
    {
      "name": "localService/metadata.xml"
    },
    {
      "name": "localService/metadata_smi.xml"
    },
    {
      "name": "localService/mockserver-dbg.js",
      "isDebug": true
    },
    {
      "name": "localService/mockserver.js"
    },
    {
      "name": "localService/mockserver_smi-dbg.js",
      "isDebug": true
    },
    {
      "name": "localService/mockserver_smi.js"
    },
    {
      "name": "manifest.json",
      "module": "zsm/itsm/myreq/cust/manifest.json"
    },
    {
      "name": "model/models-dbg.js",
      "module": "zsm/itsm/myreq/cust/model/models.js",
      "isDebug": true,
      "required": [
        "sap/ui/model/json/JSONModel.js",
        "sap/ui/Device.js"
      ]
    },
    {
      "name": "model/models.js",
      "module": "zsm/itsm/myreq/cust/model/models.js",
      "required": [
        "sap/ui/model/json/JSONModel.js",
        "sap/ui/Device.js"
      ]
    },
    {
      "name": "resources.json"
    },
    {
      "name": "util/Formatter-dbg.js",
      "module": "zsm/itsm/myreq/cust/util/Formatter.js",
      "isDebug": true,
      "required": [
        "zsm/itsm/myreq/cust/util/Util.js",
        "sap/ui/core/format/FileSizeFormat.js",
        "sap/ui/core/format/DateFormat.js",
        "zsm/itsm/myreq/cust/util/Formatter.js"
      ]
    },
    {
      "name": "util/Formatter.js",
      "module": "zsm/itsm/myreq/cust/util/Formatter.js",
      "required": [
        "zsm/itsm/myreq/cust/util/Util.js",
        "sap/ui/core/format/FileSizeFormat.js",
        "sap/ui/core/format/DateFormat.js",
        "zsm/itsm/myreq/cust/util/Formatter.js"
      ]
    },
    {
      "name": "util/TableOperations-dbg.js",
      "module": "zsm/itsm/myreq/cust/util/TableOperations.js",
      "isDebug": true,
      "required": [
        "sap/ui/base/Object.js",
        "sap/ui/model/Sorter.js",
        "sap/ui/model/Filter.js",
        "sap/ui/model/FilterType.js",
        "sap/ui/model/FilterOperator.js"
      ]
    },
    {
      "name": "util/TableOperations.js",
      "module": "zsm/itsm/myreq/cust/util/TableOperations.js",
      "required": [
        "sap/ui/base/Object.js",
        "sap/ui/model/Sorter.js",
        "sap/ui/model/Filter.js",
        "sap/ui/model/FilterType.js",
        "sap/ui/model/FilterOperator.js"
      ]
    },
    {
      "name": "util/Util-dbg.js",
      "module": "zsm/itsm/myreq/cust/util/Util.js",
      "isDebug": true,
      "required": [
        "zsm/itsm/myreq/cust/util/Util.js",
        "sap/ui/Device.js",
        "sap/m/MessageBox.js"
      ],
      "condRequired": [
        "sap/ui/core/format/FileSizeFormat.js"
      ]
    },
    {
      "name": "util/Util.js",
      "module": "zsm/itsm/myreq/cust/util/Util.js",
      "required": [
        "zsm/itsm/myreq/cust/util/Util.js",
        "sap/ui/Device.js",
        "sap/m/MessageBox.js"
      ],
      "condRequired": [
        "sap/ui/core/format/FileSizeFormat.js"
      ]
    },
    {
      "name": "version.json"
    },
    {
      "name": "view/App-dbg.controller.js",
      "module": "zsm/itsm/myreq/cust/view/App.controller.js",
      "isDebug": true,
      "required": [
        "zsm/itsm/myreq/cust/view/BaseController.js",
        "sap/ui/model/json/JSONModel.js",
        "zsm/itsm/myreq/cust/util/Util.js"
      ]
    },
    {
      "name": "view/App.controller.js",
      "module": "zsm/itsm/myreq/cust/view/App.controller.js",
      "required": [
        "zsm/itsm/myreq/cust/view/BaseController.js",
        "sap/ui/model/json/JSONModel.js",
        "zsm/itsm/myreq/cust/util/Util.js"
      ]
    },
    {
      "name": "view/App.view.xml",
      "module": "zsm/itsm/myreq/cust/view/App.view.xml",
      "required": [
        "sap/ui/core/mvc/XMLView.js",
        "zsm/itsm/myreq/cust/view/App.controller.js",
        "sap/m/SplitApp.js"
      ]
    },
    {
      "name": "view/BaseController-dbg.js",
      "module": "zsm/itsm/myreq/cust/view/BaseController.js",
      "isDebug": true,
      "required": [
        "sap/ui/core/mvc/Controller.js",
        "sap/ui/core/routing/History.js"
      ]
    },
    {
      "name": "view/BaseController.js",
      "module": "zsm/itsm/myreq/cust/view/BaseController.js",
      "required": [
        "sap/ui/core/mvc/Controller.js",
        "sap/ui/core/routing/History.js"
      ]
    },
    {
      "name": "view/Create-dbg.controller.js",
      "module": "zsm/itsm/myreq/cust/view/Create.controller.js",
      "isDebug": true,
      "required": [
        "zsm/itsm/myreq/cust/view/BaseController.js",
        "sap/ui/core/routing/History.js",
        "zsm/itsm/myreq/cust/util/Util.js",
        "sap/m/MessageBox.js"
      ]
    },
    {
      "name": "view/Create.controller.js",
      "module": "zsm/itsm/myreq/cust/view/Create.controller.js",
      "required": [
        "zsm/itsm/myreq/cust/view/BaseController.js",
        "sap/ui/core/routing/History.js",
        "zsm/itsm/myreq/cust/util/Util.js",
        "sap/m/MessageBox.js"
      ]
    },
    {
      "name": "view/Create.view.xml",
      "module": "zsm/itsm/myreq/cust/view/Create.view.xml",
      "required": [
        "sap/ui/core/mvc/XMLView.js",
        "zsm/itsm/myreq/cust/view/Create.controller.js",
        "sap/m/Page.js",
        "sap/ui/layout/Grid.js",
        "sap/ui/core/ExtensionPoint.js",
        "sap/ui/layout/form/SimpleForm.js",
        "sap/m/Label.js",
        "sap/m/Input.js",
        "sap/m/Select.js",
        "sap/ui/core/Item.js",
        "sap/m/TextArea.js",
        "sap/m/Bar.js",
        "sap/m/Button.js"
      ]
    },
    {
      "name": "view/DetailNoObjectsAvailable.view.xml",
      "module": "zsm/itsm/myreq/cust/view/DetailNoObjectsAvailable.view.xml",
      "required": [
        "sap/ui/core/mvc/XMLView.js",
        "zsm/itsm/myreq/cust/view/BaseController.controller.js",
        "sap/m/MessagePage.js"
      ]
    },
    {
      "name": "view/DetailObjectNotFound.view.xml",
      "module": "zsm/itsm/myreq/cust/view/DetailObjectNotFound.view.xml",
      "required": [
        "sap/ui/core/mvc/XMLView.js",
        "zsm/itsm/myreq/cust/view/BaseController.controller.js",
        "sap/m/MessagePage.js"
      ]
    },
    {
      "name": "view/ErrorHandler-dbg.js",
      "module": "zsm/itsm/myreq/cust/view/ErrorHandler.js",
      "isDebug": true,
      "required": [
        "sap/ui/base/Object.js",
        "sap/m/MessageBox.js",
        "zsm/itsm/myreq/cust/util/Util.js"
      ]
    },
    {
      "name": "view/ErrorHandler.js",
      "module": "zsm/itsm/myreq/cust/view/ErrorHandler.js",
      "required": [
        "sap/ui/base/Object.js",
        "sap/m/MessageBox.js",
        "zsm/itsm/myreq/cust/util/Util.js"
      ]
    },
    {
      "name": "view/ListSelector-dbg.js",
      "module": "zsm/itsm/myreq/cust/view/ListSelector.js",
      "isDebug": true,
      "required": [
        "sap/ui/base/Object.js"
      ]
    },
    {
      "name": "view/ListSelector.js",
      "module": "zsm/itsm/myreq/cust/view/ListSelector.js",
      "required": [
        "sap/ui/base/Object.js"
      ]
    },
    {
      "name": "view/NotFound.view.xml",
      "module": "zsm/itsm/myreq/cust/view/NotFound.view.xml",
      "required": [
        "sap/ui/core/mvc/XMLView.js",
        "zsm/itsm/myreq/cust/view/BaseController.controller.js",
        "sap/m/MessagePage.js"
      ]
    },
    {
      "name": "view/S2-dbg.controller.js",
      "module": "zsm/itsm/myreq/cust/view/S2.controller.js",
      "isDebug": true,
      "required": [
        "zsm/itsm/myreq/cust/view/BaseController.js",
        "sap/ui/model/json/JSONModel.js",
        "sap/ui/core/routing/History.js",
        "sap/ui/model/Filter.js",
        "sap/ui/model/FilterOperator.js",
        "sap/m/GroupHeaderListItem.js",
        "sap/ui/Device.js",
        "zsm/itsm/myreq/cust/util/Formatter.js",
        "zsm/itsm/myreq/cust/util/Util.js",
        "zsm/itsm/myreq/cust/util/TableOperations.js"
      ]
    },
    {
      "name": "view/S2.controller.js",
      "module": "zsm/itsm/myreq/cust/view/S2.controller.js",
      "required": [
        "zsm/itsm/myreq/cust/view/BaseController.js",
        "sap/ui/model/json/JSONModel.js",
        "sap/ui/core/routing/History.js",
        "sap/ui/model/Filter.js",
        "sap/ui/model/FilterOperator.js",
        "sap/m/GroupHeaderListItem.js",
        "sap/ui/Device.js",
        "zsm/itsm/myreq/cust/util/Formatter.js",
        "zsm/itsm/myreq/cust/util/Util.js",
        "zsm/itsm/myreq/cust/util/TableOperations.js"
      ]
    },
    {
      "name": "view/S2.view.xml",
      "module": "zsm/itsm/myreq/cust/view/S2.view.xml",
      "required": [
        "sap/ui/core/mvc/XMLView.js",
        "zsm/itsm/myreq/cust/view/S2.controller.js",
        "sap/m/semantic/MasterPage.js",
        "sap/m/Bar.js",
        "sap/m/SearchField.js",
        "sap/m/PullToRefresh.js",
        "sap/m/List.js",
        "sap/m/Toolbar.js",
        "sap/m/Title.js",
        "sap/m/ToolbarSpacer.js",
        "sap/ui/core/Icon.js",
        "sap/ui/core/ExtensionPoint.js",
        "sap/m/ObjectListItem.js",
        "sap/m/ObjectStatus.js",
        "sap/m/ObjectAttribute.js",
        "sap/m/semantic/AddAction.js",
        "sap/m/semantic/GroupSelect.js",
        "sap/m/semantic/FilterSelect.js"
      ]
    },
    {
      "name": "view/S3-dbg.controller.js",
      "module": "zsm/itsm/myreq/cust/view/S3.controller.js",
      "isDebug": true,
      "required": [
        "zsm/itsm/myreq/cust/view/BaseController.js",
        "sap/ui/model/json/JSONModel.js",
        "zsm/itsm/myreq/cust/util/Formatter.js",
        "zsm/itsm/myreq/cust/util/Util.js",
        "zsm/itsm/myreq/cust/view/ErrorHandler.js"
      ]
    },
    {
      "name": "view/S3.controller.js",
      "module": "zsm/itsm/myreq/cust/view/S3.controller.js",
      "required": [
        "zsm/itsm/myreq/cust/view/BaseController.js",
        "sap/ui/model/json/JSONModel.js",
        "zsm/itsm/myreq/cust/util/Formatter.js",
        "zsm/itsm/myreq/cust/util/Util.js",
        "zsm/itsm/myreq/cust/view/ErrorHandler.js"
      ]
    },
    {
      "name": "view/S3.view.xml",
      "module": "zsm/itsm/myreq/cust/view/S3.view.xml",
      "required": [
        "sap/ui/core/mvc/XMLView.js",
        "zsm/itsm/myreq/cust/view/S3.controller.js",
        "sap/m/semantic/DetailPage.js",
        "sap/m/ObjectHeader.js",
        "sap/m/ObjectStatus.js",
        "sap/m/ObjectAttribute.js",
        "sap/m/IconTabBar.js",
        "sap/m/IconTabFilter.js",
        "sap/m/FeedInput.js",
        "sap/m/List.js",
        "sap/m/FeedListItem.js",
        "sap/m/UploadCollection.js",
        "sap/m/UploadCollectionItem.js",
        "sap/ui/core/ExtensionPoint.js",
        "sap/ui/layout/form/SimpleForm.js",
        "sap/m/Label.js",
        "sap/m/Text.js",
        "sap/m/Button.js",
        "sap/m/semantic/SendEmailAction.js",
        "sap/m/semantic/ShareInJamAction.js",
        "sap/ushell/ui/footerbar/AddBookmarkButton.js"
      ]
    },
    {
      "name": "view/fragments/BusyDialog.fragment.xml",
      "module": "zsm/itsm/myreq/cust/view/fragments/BusyDialog.fragment.xml",
      "required": [
        "sap/ui/core/Fragment.js",
        "sap/m/BusyDialog.js"
      ]
    },
    {
      "name": "view/fragments/ComponentPopover.fragment.xml",
      "module": "zsm/itsm/myreq/cust/view/fragments/ComponentPopover.fragment.xml",
      "required": [
        "sap/ui/core/Fragment.js",
        "sap/m/Dialog.js",
        "sap/m/Page.js",
        "sap/m/Toolbar.js",
        "sap/m/SearchField.js",
        "sap/m/List.js",
        "sap/m/CustomListItem.js",
        "sap/m/ObjectIdentifier.js",
        "sap/m/ToolbarSpacer.js",
        "sap/m/Button.js"
      ]
    },
    {
      "name": "view/fragments/ConfirmDialog.fragment.xml",
      "module": "zsm/itsm/myreq/cust/view/fragments/ConfirmDialog.fragment.xml",
      "required": [
        "sap/ui/core/Fragment.js",
        "sap/m/Dialog.js",
        "sap/ui/layout/VerticalLayout.js",
        "sap/m/Text.js",
        "sap/m/TextArea.js",
        "sap/m/Button.js"
      ]
    },
    {
      "name": "view/fragments/QuickView.fragment.xml",
      "module": "zsm/itsm/myreq/cust/view/fragments/QuickView.fragment.xml",
      "required": [
        "sap/ui/core/Fragment.js",
        "sap/m/QuickView.js",
        "sap/m/QuickViewPage.js",
        "sap/m/QuickViewGroup.js",
        "sap/m/QuickViewGroupElement.js"
      ]
    },
    {
      "name": "view/fragments/WithdrawDialog.fragment.xml",
      "module": "zsm/itsm/myreq/cust/view/fragments/WithdrawDialog.fragment.xml",
      "required": [
        "sap/ui/core/Fragment.js",
        "sap/m/Dialog.js",
        "sap/ui/layout/VerticalLayout.js",
        "sap/m/Text.js",
        "sap/m/TextArea.js",
        "sap/m/Button.js"
      ]
    }
  ]
}