{
  "localService/mockserver-dbg.js": 1600173399000,
  "i18n/i18n_zh_CN.properties": 1600173399000,
  "i18n/i18n_tr.properties": 1600173399000,
  "i18n/i18n_ru.properties": 1600173399000,
  "i18n/i18n_zh_TW.properties": 1600173399000,
  "i18n/i18n_pl.properties": 1600173399000,
  "i18n/i18n_nl.properties": 1600173399000,
  "i18n/i18n_ko.properties": 1600173399000,
  "i18n/i18n_ja.properties": 1600173399000,
  "i18n/i18n_iw.properties": 1600173399000,
  "i18n/i18n_it.properties": 1600173399000,
  "i18n/i18n_hu.properties": 1600173399000,
  "i18n/i18n_fr.properties": 1600173399000,
  "i18n/i18n_es.properties": 1600173399000,
  "i18n/i18n_en_US_saptrc.properties": 1600173399000,
  "i18n/i18n_en_US_sappsd.properties": 1600173399000,
  "i18n/i18n_en.properties": 1600173399000,
  "i18n/i18n_de.properties": 1600173399000,
  "i18n/i18n_da.properties": 1600173399000,
  "i18n/i18n_cs.properties": 1600173399000,
  "i18n/i18n_ar.properties": 1600173399000,
  "i18n/i18n.properties": 1600173399000,
  "view/Create.controller.js": 1600173399000,
  "resources.json": 1600173399000,
  "manifest.json": 1600803786937,
  "view/S3.controller.js": 1600173399000,
  "view/S2.controller.js": 1600173399000,
  "view/ListSelector.js": 1600173399000,
  "view/ErrorHandler.js": 1600173399000,
  "view/Details.controller.js": 1600173399000,
  "version.json": 1600173399000,
  "view/BaseController.js": 1600173399000,
  "view/App.controller.js": 1600173399000,
  "util/Util.js": 1600173399000,
  "util/Util-dbg-old.js": 1600173399000,
  "util/TableOperations.js": 1600173399000,
  "util/TableOperations-dbg.js": 1600173399000,
  "util/Formatter.js": 1600173399000,
  "util/Formatter-dbg.js": 1600173399000,
  "model/models.js": 1600173399000,
  "model/models-dbg.js": 1600173399000,
  "localService/mockserver_smi.js": 1600173399000,
  "localService/mockserver_smi-dbg.js": 1600173399000,
  "localService/mockserver.js": 1600173399000,
  "i18n/i18n_pt.properties": 1600173399000,
  "Configuration.js": 1600173399000,
  "Component.js": 1600173399000,
  "manifest-bundle.zip": 1600803784946,
  "Component-preload.js": 1600803786537,
  "view/S3-dbg.controller.js": 1600173399000,
  "view/S2-dbg.controller.js": 1600173399000,
  "view/ListSelector-dbg.js": 1600173399000,
  "view/ErrorHandler-dbg.js": 1600173399000,
  "view/Details-dbg.controller.js": 1600173399000,
  "view/Create-dbg.controller.js": 1600173399000,
  "view/BaseController-dbg.js": 1600173399000,
  "view/App-dbg.controller.js": 1600173399000,
  "util/Util-dbg.js": 1600173399000,
  "util/Util-dbg-old-dbg.js": 1600173399000,
  "util/TableOperations-dbg-dbg.js": 1600173399000,
  "util/Formatter-dbg-dbg.js": 1600173399000,
  "model/models-dbg-dbg.js": 1600173399000,
  "localService/mockserver_smi-dbg-dbg.js": 1600173399000,
  "localService/mockserver-dbg-dbg.js": 1600173399000,
  "Configuration-dbg.js": 1600173399000,
  "Component-dbg.js": 1600173399000,
  "view/fragments/WithdrawDialog.fragment.xml": 1600173399000,
  "view/fragments/QuickView.fragment.xml": 1600173399000,
  "view/fragments/Icon\r": 1600173399000,
  "view/fragments/ConfirmDialog.fragment.xml": 1600173399000,
  "view/fragments/ComponentPopover.fragment.xml": 1600173399000,
  "view/fragments/CategoryPopover.fragment.xml": 1600173399000,
  "view/fragments/BusyDialog.fragment.xml": 1600173399000,
  "view/S3.view.xml": 1600173399000,
  "view/S2.view.xml": 1600173399000,
  "view/NotFound.view.xml": 1600173399000,
  "view/Icon\r": 1600173399000,
  "view/DetailObjectNotFound.view.xml": 1600173399000,
  "view/DetailNoObjectsAvailable.view.xml": 1600173399000,
  "view/Create.view.xml": 1600173399000,
  "view/App.view.xml": 1600173399000,
  "util/Icon\r": 1600173399000,
  "model/Icon\r": 1600173399000,
  "localService/metadata_smi.xml": 1600173399000,
  "localService/metadata.xml": 1600173399000,
  "localService/Icon\r": 1600173399000,
  "i18n/Icon\r": 1600173399000,
  "css/scfld.css": 1600173399000,
  "css/scfld-dbg.css": 1600173399000,
  "css/Icon\r": 1600173399000,
  "WEB-INF/web.xml": 1600173399000,
  "WEB-INF/Icon\r": 1600173399000,
  "META-INF/MANIFEST.MF": 1600173399000,
  "META-INF/Icon\r": 1600173399000,
  "index.html": 1600173399000,
  "Icon\r": 1600173399000
}