<edmx:Edmx xmlns:edmx="http://schemas.microsoft.com/ado/2007/06/edmx"
	xmlns:m="http://schemas.microsoft.com/ado/2007/08/dataservices/metadata" xmlns:sap="http://www.sap.com/Protocols/SAPData" Version="1.0">
	<edmx:DataServices m:DataServiceVersion="2.0">
		<Schema xmlns="http://schemas.microsoft.com/ado/2008/09/edm" Namespace="ZPP_NOTIFICACION_DE_MEZCLA_SRV" xml:lang="es" sap:schema-version="1">
			<EntityType Name="BuscarCabezera" sap:content-version="1">
				<Key><PropertyRef Name="Aufnr"/></Key><Property Name="IAufnr" Type="Edm.String" Nullable="false" MaxLength="12" sap:unicode="false" sap:label="Orden" sap:creatable="false"
					sap:updatable="false" sap:sortable="false" sap:filterable="false"/><Property Name="Aufnr" Type="Edm.String" Nullable="false" MaxLength="12" sap:unicode="false" sap:label="Orden" sap:creatable="false"
					sap:updatable="false" sap:sortable="false" sap:filterable="false"/><Property Name="Erdat" Type="Edm.String" Nullable="false" MaxLength="10" sap:unicode="false" sap:label="Campo de texto, longitud 10"
					sap:creatable="false" sap:updatable="false" sap:sortable="false" sap:filterable="false"/><Property Name="OrdProces" Type="Edm.String" Nullable="false" MaxLength="12" sap:unicode="false" sap:label="Orden" sap:creatable="false"
					sap:updatable="false" sap:sortable="false" sap:filterable="false"/><Property Name="Vornr" Type="Edm.String" Nullable="false" MaxLength="4" sap:unicode="false" sap:label="Operación" sap:creatable="false"
					sap:updatable="false" sap:sortable="false" sap:filterable="false"/><Property Name="Stlbez" Type="Edm.String" Nullable="false" MaxLength="18" sap:unicode="false" sap:label="Material" sap:creatable="false"
					sap:updatable="false" sap:sortable="false" sap:filterable="false"/><Property Name="Aueru" Type="Edm.String" Nullable="false" MaxLength="1" sap:unicode="false" sap:label="Notific.final" sap:creatable="false"
					sap:updatable="false" sap:sortable="false" sap:filterable="false"/><Property Name="Gamng" Type="Edm.Decimal" Nullable="false" Precision="13" Scale="3" sap:unicode="false" sap:label="Ctd.teórica"
					sap:creatable="false" sap:updatable="false" sap:sortable="false" sap:filterable="false"/></EntityType>
			<EntityContainer Name="ZPP_NOTIFICACION_DE_MEZCLA_SRV_Entities" m:IsDefaultEntityContainer="true" sap:supported-formats="atom json xlsx"><EntitySet Name="BuscarCabezeraSet" EntityType="ZPP_NOTIFICACION_DE_MEZCLA_SRV.BuscarCabezera" sap:creatable="false" sap:updatable="false"
				sap:deletable="false" sap:pageable="false" sap:content-version="1"/></EntityContainer><atom:link xmlns:atom="http://www.w3.org/2005/Atom" rel="self" href="./sap/ZPP_NOTIFICACION_DE_MEZCLA_SRV/$metadata"/><atom:link xmlns:atom="http://www.w3.org/2005/Atom" rel="latest-version" href="./sap/ZPP_NOTIFICACION_DE_MEZCLA_SRV/$metadata"/></Schema>
	</edmx:DataServices>
</edmx:Edmx>