{
    "resources": [
        {
            "name": "../../z_figesacrelib/controller/master.controller.js"
        },
        {
            "name": "../../z_figesacrelib/controller/ppal.controller.js"
        },
        {
            "name": "../../z_figesacrelib/view/utils/connectivity.js"
        },
        {
            "name": "../../z_figesacrelib/view/ppal.view.js"
        },
        {
            "name": "../../z_figesacrelib/js/util.js"
        },
        {
            "name": "../../z_figesacrelib/controller/rechazoPopup.controller.js"
        },
        {
            "name": "../../z_figesacrelib/manifest.json"
        },
        {
            "name": "../../z_figesacrelib/i18n/i18n.properties",
            "raw": "i18n/i18n.properties"
        },
        {
            "name": "../../z_figesacrelib/controller/detalle.controller.js"
        },
        {
            "name": "../../z_figesacrelib/controller/confirmaPopup.controller.js"
        },
        {
            "name": "../../z_figesacrelib/Component.js"
        },
        {
            "name": "../../z_figesacrelib/Component-preload.js",
            "merged": true
        },
        {
            "name": "../../z_figesacrelib/manifest-bundle.zip"
        },
        {
            "name": "../../z_figesacrelib/controller/ppal-dbg.controller.js",
            "isDebug": true
        },
        {
            "name": "../../z_figesacrelib/view/ppal-dbg.view.js",
            "isDebug": true
        },
        {
            "name": "../../z_figesacrelib/js/util-dbg.js",
            "isDebug": true
        },
        {
            "name": "../../z_figesacrelib/controller/rechazoPopup-dbg.controller.js",
            "isDebug": true
        },
        {
            "name": "../../z_figesacrelib/view/utils/connectivity-dbg.js",
            "isDebug": true
        },
        {
            "name": "../../z_figesacrelib/controller/master-dbg.controller.js",
            "isDebug": true
        },
        {
            "name": "../../z_figesacrelib/controller/detalle-dbg.controller.js",
            "isDebug": true
        },
        {
            "name": "../../z_figesacrelib/controller/confirmaPopup-dbg.controller.js",
            "isDebug": true
        },
        {
            "name": "../../z_figesacrelib/Component-dbg.js",
            "isDebug": true
        },
        {
            "name": "../../z_figesacrelib/Component-preload-dbg.js",
            "isDebug": true
        },
        {
            "name": "../../sap-ui-version.json"
        },
        {
            "name": "../../z_figesacrelib/view/utils/rechazoPopup.view.xml"
        },
        {
            "name": "../../z_figesacrelib/view/utils/confirmaPopup.view.xml"
        },
        {
            "name": "../../z_figesacrelib/view/master.view.xml"
        },
        {
            "name": "../../z_figesacrelib/view/detalle.view.xml"
        },
        {
            "name": "../../z_figesacrelib/css/Style.css"
        },
        {
            "name": "../../z_figesacrelib/WEB-INF/web.xml"
        },
        {
            "name": "../../z_figesacrelib/META-INF/MANIFEST.MF"
        },
        {
            "name": "../../z_figesacrelib/index.html"
        }
    ]
}