{
  "view/RoleDetails-dbg-dbg.controller.js": 1600173398000,
  "i18n/i18n_tr.properties": 1600173398000,
  "i18n/i18n_ru.properties": 1600173398000,
  "i18n/i18n_pt.properties": 1600173398000,
  "i18n/i18n_pl.properties": 1600173398000,
  "i18n/i18n_no.properties": 1600173398000,
  "i18n/i18n_ja.properties": 1600173398000,
  "i18n/i18n_iw.properties": 1600173398000,
  "i18n/i18n_it.properties": 1600173398000,
  "i18n/i18n_hu.properties": 1600173398000,
  "i18n/i18n_fr.properties": 1600173398000,
  "i18n/i18n_es.properties": 1600173398000,
  "i18n/i18n_en_US_saptrc.properties": 1600173398000,
  "i18n/i18n_en_US_sappsd.properties": 1600173398000,
  "i18n/i18n_en.properties": 1600173398000,
  "i18n/i18n_de.properties": 1600173398000,
  "i18n/i18n_zh_CN.properties": 1600173398000,
  "i18n/i18n_ar.properties": 1600173398000,
  "i18n/i18n.properties": 1600173398000,
  "view/RoleDetails-dbg.controller.js": 1600173398000,
  "model/PurchaseOrderItem.json": 1600173398000,
  "model/PurchaseOrder.json": 1600173398000,
  "model/Product.json": 1600173398000,
  "version.json": 1600173398000,
  "manifest.json": 1600803798142,
  "view/RoleDetails.controller.js": 1600173398000,
  "model/Supplier.json": 1600173398000,
  "view/RequestMaster.controller.js": 1600173398000,
  "view/RequestMaster-dbg.controller.js": 1600173398000,
  "view/RequestDetail.controller.js": 1600173398000,
  "view/RequestDetail-dbg.controller.js": 1600173398000,
  "Main.controller.js": 1600173398000,
  "Main-dbg.controller.js": 1600173398000,
  "Configuration.js": 1600173398000,
  "Configuration-dbg.js": 1600173398000,
  "Component.js": 1600173398000,
  "Component-preload.js": 1600803797452,
  "Component-preload-dbg.js": 1600173398000,
  "Component-dbg.js": 1600173398000,
  "manifest-bundle.zip": 1600803796645,
  "Component-dbg-dbg.js": 1600173398000,
  "i18n/i18n_cs.properties": 1600173398000,
  "view/RequestMaster-dbg-dbg.controller.js": 1600173398000,
  "view/RequestDetail-dbg-dbg.controller.js": 1600173398000,
  "Main-dbg-dbg.controller.js": 1600173398000,
  "Configuration-dbg-dbg.js": 1600173398000,
  "Component-preload-dbg-dbg.js": 1600173398000,
  "grc_acreq_apr/resources.json": 1600803798152,
  "img/home/favicon.ico": 1600173398000,
  "img/home/Icon\r": 1600173398000,
  "img/home/72_iPad_Desktop_Launch.png": 1600173398000,
  "img/home/57_iPhone_Desktop_Launch.png": 1600173398000,
  "img/home/144_iPad_Retina_Web_Clip.png": 1600173398000,
  "img/home/114_iPhone_Retina_Web_Clip.png": 1600173398000,
  "view/RoleDetails.view.xml": 1600173398000,
  "view/RequestMaster.view.xml": 1600173398000,
  "view/RequestDetail.view.xml": 1600173398000,
  "view/Icon\r": 1600173398000,
  "model/metadata.xml": 1600173398000,
  "model/Icon\r": 1600173398000,
  "img/Icon\r": 1600173398000,
  "i18n/Icon\r": 1600173398000,
  "index.html": 1600173398000,
  "Main.view.xml": 1600173398000,
  "Icon\r": 1600173398000,
  ".Ui5RepositoryTextFiles": 1600173398000,
  ".Ui5RepositoryIgnore": 1600173398000,
  ".Ui5RepositoryBinaryFiles": 1600173398000
}