{
  "Component.js": 1600693288479,
  "model/models.js": 1600693288479,
  "manifest.json": 1600695800202,
  "controller/main.controller.js": 1600693288483,
  "i18n/i18n.properties": 1600693288479,
  "manifest-bundle.zip": 1600695800014,
  "Component-preload.js": 1600695800181,
  "Component-dbg.js": 1600693288479,
  "controller/main-dbg.controller.js": 1600693288483,
  "model/models-dbg.js": 1600693288479,
  "resources.json": 1600695800205,
  "view/main.view.xml": 1600693288483,
  "css/style.css": 1600693288479,
  "index.html": 1600695755433
}