{
  "i18n/i18n_en_US_saptrc.properties": 1600173398000,
  "i18n/i18n_zh_CN.properties": 1600173398000,
  "i18n/i18n_tr.properties": 1600173398000,
  "i18n/i18n_sl.properties": 1600173398000,
  "i18n/i18n_sk.properties": 1600173398000,
  "i18n/i18n_sh.properties": 1600173398000,
  "i18n/i18n_ru.properties": 1600173398000,
  "i18n/i18n_ro.properties": 1600173398000,
  "i18n/i18n_pt.properties": 1600173398000,
  "i18n/i18n_pl.properties": 1600173398000,
  "i18n/i18n_no.properties": 1600173398000,
  "i18n/i18n_ja.properties": 1600173398000,
  "i18n/i18n_iw.properties": 1600173398000,
  "i18n/i18n_it.properties": 1600173398000,
  "i18n/i18n_hu.properties": 1600173398000,
  "i18n/i18n_hr.properties": 1600173398000,
  "i18n/i18n_zh_CN_.properties": 1600173398000,
  "i18n/i18n_es.properties": 1600173398000,
  "i18n/i18n_fr.properties": 1600173398000,
  "i18n/i18n_en_US_sappsd.properties": 1600173398000,
  "i18n/i18n_en.properties": 1600173398000,
  "i18n/i18n_de.properties": 1600173398000,
  "i18n/i18n_cs.properties": 1600173398000,
  "i18n/i18n_bg.properties": 1600173398000,
  "i18n/i18n_ar.properties": 1600173398000,
  "i18n/i18n.properties": 1600173398000,
  "Component-preload.js": 1600803874645,
  "model/PurchaseOrderItem.json": 1600173398000,
  "model/PurchaseOrder.json": 1600173398000,
  "model/Product.json": 1600173398000,
  "version.json": 1600173398000,
  "manifest.json": 1600803875845,
  "view/S4.controller.js": 1600173398000,
  "view/S4-dbg.controller.js": 1600173398000,
  "view/S3.controller.js": 1600173398000,
  "view/S3-dbg.controller.js": 1600173398000,
  "view/S2.controller.js": 1600173398000,
  "view/S2-dbg.controller.js": 1600173398000,
  "util/QuickView.js": 1600173398000,
  "util/QuickView-dbg.js": 1600173398000,
  "util/Formatter.js": 1600173398000,
  "util/Formatter-dbg.js": 1600173398000,
  "Main.controller.js": 1600173398000,
  "Main-dbg.controller.js": 1600173398000,
  "Configuration.js": 1600796073595,
  "Configuration-dbg.js": 1600796068291,
  "Component.js": 1600173398000,
  "model/Supplier.json": 1600173398000,
  "Component-preload-dbg.js": 1600796054275,
  "Component-dbg.js": 1600173398000,
  "manifest-bundle.zip": 1600803873458,
  "view/S4-dbg-dbg.controller.js": 1600173398000,
  "view/S3-dbg-dbg.controller.js": 1600173398000,
  "view/S2-dbg-dbg.controller.js": 1600173398000,
  "util/QuickView-dbg-dbg.js": 1600173398000,
  "util/Formatter-dbg-dbg.js": 1600173398000,
  "Main-dbg-dbg.controller.js": 1600173398000,
  "Configuration-dbg-dbg.js": 1600796068291,
  "Component-preload-dbg-dbg.js": 1600796054275,
  "Component-dbg-dbg.js": 1600173398000,
  "mm_ses_apv/resources.json": 1600803875850,
  "view/S4.view.xml": 1600173398000,
  "view/S3.view.xml": 1600173398000,
  "view/S2.view.xml": 1600173398000,
  "view/Icon\r": 1600173398000,
  "util/Icon\r": 1600173398000,
  "model/metadata.xml": 1600173398000,
  "model/Icon\r": 1600173398000,
  "i18n/Icon\r": 1600173398000,
  "index.html": 1600173398000,
  "Main.view.xml": 1600173398000,
  "Icon\r": 1600173398000,
  ".Ui5RepositoryTextFiles": 1600173398000,
  ".Ui5RepositoryIgnore": 1600173398000,
  ".Ui5RepositoryBinaryFiles": 1600173398000
}