{
    "resources": [
        {
            "name": "view/utils/atob64.js"
        },
        {
            "name": "i18n/i18n_ES.properties",
            "raw": "i18n/i18n.properties",
            "locale": "_ES"
        },
        {
            "name": "view/ppal.view.js"
        },
        {
            "name": "i18n/i18n.properties",
            "raw": "i18n/i18n.properties"
        },
        {
            "name": "manifest.json"
        },
        {
            "name": "controller/ppal.controller.js"
        },
        {
            "name": "controller/DespliegaBoleta.controller.js"
        },
        {
            "name": "Component.js"
        },
        {
            "name": "Component-preload.js",
            "merged": true
        },
        {
            "name": "manifest-bundle.zip"
        },
        {
            "name": "view/utils/atob64-dbg.js",
            "isDebug": true
        },
        {
            "name": "view/ppal-dbg.view.js",
            "isDebug": true
        },
        {
            "name": "controller/ppal-dbg.controller.js",
            "isDebug": true
        },
        {
            "name": "controller/DespliegaBoleta-dbg.controller.js",
            "isDebug": true
        },
        {
            "name": "Component-dbg.js",
            "isDebug": true
        },
        {
            "name": "Component-preload-dbg.js",
            "isDebug": true
        },
        {
            "name": "../../sap-ui-version.json"
        },
        {
            "name": "view/DespliegaBoleta.view.xml"
        },
        {
            "name": "img/vctLogo.png"
        },
        {
            "name": "WEB-INF/web.xml"
        },
        {
            "name": "META-INF/MANIFEST.MF"
        },
        {
            "name": "index.html"
        }
    ]
}