{
  "controller/DespliegaBoleta.controller.js": 1600173399000,
  "i18n/i18n_ES.properties": 1600173399000,
  "view/ppal.view.js": 1600173399000,
  "view/utils/atob64.js": 1600173399000,
  "manifest.json": 1600691278918,
  "controller/ppal.controller.js": 1600173399000,
  "i18n/i18n.properties": 1600173399000,
  "Component.js": 1600173399000,
  "Component-preload.js": 1600691278814,
  "manifest-bundle.zip": 1600691278545,
  "view/utils/atob64-dbg.js": 1600173399000,
  "view/ppal-dbg.view.js": 1600173399000,
  "controller/ppal-dbg.controller.js": 1600173399000,
  "controller/DespliegaBoleta-dbg.controller.js": 1600173399000,
  "Component-dbg.js": 1600173399000,
  "Component-preload-dbg.js": 1600691278814,
  "resources.json": 1600691278921,
  "view/utils/Icon\r": 1600173399000,
  "view/Icon\r": 1600173399000,
  "view/DespliegaBoleta.view.xml": 1600173399000,
  "img/vctLogo.png": 1600173399000,
  "img/Icon\r": 1600173399000,
  "i18n/Icon\r": 1600173399000,
  "controller/Icon\r": 1600173399000,
  "WEB-INF/web.xml": 1600173399000,
  "WEB-INF/Icon\r": 1600173399000,
  "META-INF/MANIFEST.MF": 1600173399000,
  "META-INF/Icon\r": 1600173399000,
  "index.html": 1600691253220,
  "Icon\r": 1600173399000
}