{
    "resources": [
        {
            "name": "../../z_mmfichatecnic/controller/formulario-dbg.controller.js",
            "isDebug": true
        },
        {
            "name": "../../z_mmfichatecnic/view/utils/connectivity.js"
        },
        {
            "name": "../../z_mmfichatecnic/view/ppal.view.js"
        },
        {
            "name": "../../z_mmfichatecnic/js/util.js"
        },
        {
            "name": "../../z_mmfichatecnic/controller/ppal.controller.js"
        },
        {
            "name": "../../z_mmfichatecnic/manifest.json"
        },
        {
            "name": "../../z_mmfichatecnic/controller/listadoant.controller.js"
        },
        {
            "name": "../../z_mmfichatecnic/controller/listadoadm.controller.js"
        },
        {
            "name": "../../z_mmfichatecnic/controller/listado.controller.js"
        },
        {
            "name": "../../z_mmfichatecnic/controller/formulario.controller.js"
        },
        {
            "name": "../../z_mmfichatecnic/controller/BaseController.js"
        },
        {
            "name": "../../z_mmfichatecnic/Component.js"
        },
        {
            "name": "../../z_mmfichatecnic/Component-preload.js",
            "merged": true
        },
        {
            "name": "../../z_mmfichatecnic/manifest-bundle.zip"
        },
        {
            "name": "../../z_mmfichatecnic/controller/menu.controller.js"
        },
        {
            "name": "../../z_mmfichatecnic/view/ppal-dbg.view.js",
            "isDebug": true
        },
        {
            "name": "../../z_mmfichatecnic/js/util-dbg.js",
            "isDebug": true
        },
        {
            "name": "../../z_mmfichatecnic/controller/ppal-dbg.controller.js",
            "isDebug": true
        },
        {
            "name": "../../z_mmfichatecnic/controller/menu-dbg.controller.js",
            "isDebug": true
        },
        {
            "name": "../../z_mmfichatecnic/controller/listadoant-dbg.controller.js",
            "isDebug": true
        },
        {
            "name": "../../z_mmfichatecnic/controller/listadoadm-dbg.controller.js",
            "isDebug": true
        },
        {
            "name": "../../z_mmfichatecnic/controller/listado-dbg.controller.js",
            "isDebug": true
        },
        {
            "name": "../../z_mmfichatecnic/view/utils/connectivity-dbg.js",
            "isDebug": true
        },
        {
            "name": "../../z_mmfichatecnic/controller/BaseController-dbg.js",
            "isDebug": true
        },
        {
            "name": "../../z_mmfichatecnic/Component-dbg.js",
            "isDebug": true
        },
        {
            "name": "../../z_mmfichatecnic/Component-preload-dbg.js",
            "isDebug": true
        },
        {
            "name": "../../sap-ui-version.json"
        },
        {
            "name": "../../z_mmfichatecnic/view/menu.view.xml"
        },
        {
            "name": "../../z_mmfichatecnic/view/listadoant.view.xml"
        },
        {
            "name": "../../z_mmfichatecnic/view/listadoadm.view.xml"
        },
        {
            "name": "../../z_mmfichatecnic/view/listado.view.xml"
        },
        {
            "name": "../../z_mmfichatecnic/view/formulario.view.xml"
        },
        {
            "name": "../../z_mmfichatecnic/img/vinedo.jpg"
        },
        {
            "name": "../../z_mmfichatecnic/img/vina.jpg"
        },
        {
            "name": "../../z_mmfichatecnic/img/cyt4.jpg"
        },
        {
            "name": "../../z_mmfichatecnic/img/cyt3.jpg"
        },
        {
            "name": "../../z_mmfichatecnic/img/cyt2.jpg"
        },
        {
            "name": "../../z_mmfichatecnic/img/cyt1.jpg"
        },
        {
            "name": "../../z_mmfichatecnic/img/bannerHis.png"
        },
        {
            "name": "../../z_mmfichatecnic/img/bannerEno.png"
        },
        {
            "name": "../../z_mmfichatecnic/img/bannerAdm.png"
        },
        {
            "name": "../../z_mmfichatecnic/img/banner1.png"
        },
        {
            "name": "../../z_mmfichatecnic/img/banner1.jpg"
        },
        {
            "name": "../../z_mmfichatecnic/img/banner1.gif"
        },
        {
            "name": "../../z_mmfichatecnic/css/style.css"
        },
        {
            "name": "../../z_mmfichatecnic/WEB-INF/web.xml"
        },
        {
            "name": "../../z_mmfichatecnic/META-INF/MANIFEST.MF"
        },
        {
            "name": "../../z_mmfichatecnic/index.html"
        }
    ]
}