{
  "test/unit/unitTests.qunit.html": 1600173399000,
  "i18n/i18n_es.properties": 1600173399000,
  "i18n/i18n_en.properties": 1600173399000,
  "i18n/i18n_pt.properties": 1600173399000,
  "manifest.json": 1600803986852,
  "localService/Ordenes.json": 1600173399000,
  "sap-ui-cachebuster-info.json": 1600173399000,
  "resources.json": 1600803986908,
  "neo-app.json": 1600173399000,
  "resources/sap-ui-version.json": 1600173399000,
  "di.code-validation.core_issues.json": 1600173399000,
  "test/unit/controller/View1.controller.js": 1600173399000,
  "test/unit/controller/View1-dbg.controller.js": 1600173399000,
  "test/integration/pages/View1.js": 1600173399000,
  "test/integration/pages/View1-dbg.js": 1600173399000,
  "test/integration/arrangements/Startup.js": 1600173399000,
  "test/integration/arrangements/Startup-dbg.js": 1600173399000,
  "test/unit/unitTests.qunit.js": 1600173399000,
  "test/unit/unitTests.qunit-dbg.js": 1600173399000,
  "test/unit/AllTests.js": 1600173399000,
  "test/unit/AllTests-dbg.js": 1600173399000,
  "test/integration/opaTests.qunit.js": 1600173399000,
  "test/integration/opaTests.qunit-dbg.js": 1600173399000,
  "test/integration/NavigationJourney.js": 1600173399000,
  "test/integration/NavigationJourney-dbg.js": 1600173399000,
  "test/integration/AllJourneys.js": 1600173399000,
  "test/integration/AllJourneys-dbg.js": 1600173399000,
  "test/testsuite.qunit.js": 1600173399000,
  "test/testsuite.qunit-dbg.js": 1600173399000,
  "model/models.js": 1600173399000,
  "model/models-dbg.js": 1600173399000,
  "model/formatter.js": 1600173399000,
  "model/formatter-dbg.js": 1600173399000,
  "controller/View1.controller.js": 1600173399000,
  "controller/View1-dbg.controller.js": 1600173399000,
  "controller/Materiales.controller.js": 1600173399000,
  "controller/Materiales-dbg.controller.js": 1600173399000,
  "controller/App.controller.js": 1600173399000,
  "controller/App-dbg.controller.js": 1600173399000,
  "Component.js": 1600173399000,
  "Component-preload.js": 1600803986429,
  "Component-dbg.js": 1600173399000,
  "manifest-bundle.zip": 1600803985723,
  "test/integration/opaTests.qunit-dbg-dbg.js": 1600173399000,
  "test/unit/controller/View1-dbg-dbg.controller.js": 1600173399000,
  "test/integration/pages/View1-dbg-dbg.js": 1600173399000,
  "test/integration/arrangements/Startup-dbg-dbg.js": 1600173399000,
  "test/unit/unitTests.qunit-dbg-dbg.js": 1600173399000,
  "test/unit/AllTests-dbg-dbg.js": 1600173399000,
  "test/integration/NavigationJourney-dbg-dbg.js": 1600173399000,
  "test/integration/AllJourneys-dbg-dbg.js": 1600173399000,
  "test/testsuite.qunit-dbg-dbg.js": 1600173399000,
  "model/models-dbg-dbg.js": 1600173399000,
  "model/formatter-dbg-dbg.js": 1600173399000,
  "controller/View1-dbg-dbg.controller.js": 1600173399000,
  "controller/Materiales-dbg-dbg.controller.js": 1600173399000,
  "controller/App-dbg-dbg.controller.js": 1600173399000,
  "Component-preload-dbg.js": 1600803986429,
  "Component-dbg-dbg.js": 1600173399000,
  "test/unit/controller/Icon\r": 1600173399000,
  "test/integration/pages/Icon\r": 1600173399000,
  "test/integration/arrangements/Icon\r": 1600173399000,
  "i18n/i18n.properties": 1600173399000,
  "test/unit/Icon\r": 1600173399000,
  "test/integration/opaTests.qunit.html": 1600173399000,
  "test/integration/Icon\r": 1600173399000,
  "view/View1.view.xml": 1600173399000,
  "view/Materiales.view.xml": 1600173399000,
  "view/Icon\r": 1600173399000,
  "view/App.view.xml": 1600173399000,
  "test/testsuite.qunit.html": 1600173399000,
  "test/Icon\r": 1600173399000,
  "resources/Icon\r": 1600173399000,
  "model/Icon\r": 1600173399000,
  "localService/Icon\r": 1600173399000,
  "i18n/Icon\r": 1600173399000,
  "css/style.css": 1600173399000,
  "css/Icon\r": 1600173399000,
  "controller/Icon\r": 1600173399000,
  "index.html": 1600173399000,
  "Icon\r": 1600173399000
}