<edmx:Edmx xmlns:edmx="http://schemas.microsoft.com/ado/2007/06/edmx"
	xmlns:m="http://schemas.microsoft.com/ado/2007/08/dataservices/metadata" xmlns:sap="http://www.sap.com/Protocols/SAPData" Version="1.0">
	<edmx:DataServices m:DataServiceVersion="2.0">
		<Schema xmlns="http://schemas.microsoft.com/ado/2008/09/edm" Namespace="ZPP_DESCOMPONER_MEZCLA_SRV" xml:lang="es" sap:schema-version="1">
			<EntityType Name="Descorden" sap:content-version="1">
				<Key><PropertyRef Name="Orden"/></Key><Property Name="Orden" Type="Edm.String" Nullable="false" MaxLength="12" sap:unicode="false" sap:label="Orden" sap:creatable="false"
					sap:updatable="false" sap:sortable="false" sap:filterable="false"/><Property Name="Quantity" Type="Edm.String" Nullable="false" MaxLength="20" sap:unicode="false" sap:label="Car.20" sap:creatable="false"
					sap:updatable="false" sap:sortable="false" sap:filterable="false"/><NavigationProperty Name="Descordenpo" Relationship="ZPP_DESCOMPONER_MEZCLA_SRV.As_Descordenpo" FromRole="FromRole_As_Descordenpo"
					ToRole="ToRole_As_Descordenpo"/></EntityType>
			<EntityType Name="Descordenpo" sap:content-version="1">
				<Key><PropertyRef Name="Orden"/></Key><Property Name="Orden" Type="Edm.String" Nullable="false" MaxLength="12" sap:unicode="false" sap:label="Orden" sap:creatable="false"
					sap:updatable="false" sap:sortable="false" sap:filterable="false"/><Property Name="Total" Type="Edm.String" Nullable="false" MaxLength="18" sap:unicode="false" sap:label="Cantida a total a descomponer"
					sap:creatable="false" sap:updatable="false" sap:sortable="false" sap:filterable="false"/><Property Name="Codigo2" Type="Edm.String" Nullable="false" MaxLength="18" sap:unicode="false" sap:label="Componete" sap:creatable="false"
					sap:updatable="false" sap:sortable="false" sap:filterable="false"/><Property Name="Posicion" Type="Edm.String" Nullable="false" MaxLength="4" sap:unicode="false" sap:label="Posicion" sap:creatable="false"
					sap:updatable="false" sap:sortable="false" sap:filterable="false"/><Property Name="Cantidad" Type="Edm.String" Nullable="false" MaxLength="20" sap:unicode="false" sap:label="Cantidad componete"
					sap:creatable="false" sap:updatable="false" sap:sortable="false" sap:filterable="false"/><Property Name="Almacen" Type="Edm.String" Nullable="false" MaxLength="4" sap:unicode="false" sap:label="Almacen componete"
					sap:creatable="false" sap:updatable="false" sap:sortable="false" sap:filterable="false"/></EntityType>
			<EntityType Name="LibCabecera" sap:content-version="1">
				<Key><PropertyRef Name="Aufnr"/></Key><Property Name="Costo" Type="Edm.String" Nullable="false" MaxLength="20" sap:unicode="false" sap:label="Costo" sap:creatable="false"
					sap:updatable="false" sap:sortable="false" sap:filterable="false"/><Property Name="Fecha" Type="Edm.String" Nullable="false" MaxLength="10" sap:unicode="false" sap:label="Fecha" sap:creatable="false"
					sap:updatable="false" sap:sortable="false" sap:filterable="false"/><Property Name="IAction" Type="Edm.String" Nullable="false" MaxLength="1" sap:unicode="false" sap:label="Caracter1" sap:creatable="false"
					sap:updatable="false" sap:sortable="false" sap:filterable="false"/><Property Name="IAufnr" Type="Edm.String" Nullable="false" MaxLength="12" sap:unicode="false" sap:label="Orden" sap:creatable="false"
					sap:updatable="false" sap:sortable="false" sap:filterable="false"/><Property Name="Werks" Type="Edm.String" Nullable="false" MaxLength="4" sap:unicode="false" sap:label="Centro" sap:creatable="false"
					sap:updatable="false" sap:sortable="false" sap:filterable="false"/><Property Name="Aufnr" Type="Edm.String" Nullable="false" MaxLength="12" sap:unicode="false" sap:label="Orden" sap:creatable="false"
					sap:updatable="false" sap:sortable="false" sap:filterable="false"/><NavigationProperty Name="LosLibPosicion" Relationship="ZPP_DESCOMPONER_MEZCLA_SRV.As_liberar" FromRole="FromRole_As_liberar"
					ToRole="ToRole_As_liberar"/></EntityType>
			<EntityType Name="LibPosicion" sap:content-version="1">
				<Key><PropertyRef Name="Aufnr"/></Key><Property Name="Aufnr" Type="Edm.String" Nullable="false" MaxLength="12" sap:unicode="false" sap:label="Orden" sap:creatable="false"
					sap:updatable="false" sap:sortable="false" sap:filterable="false"/><Property Name="Posnr" Type="Edm.String" Nullable="false" MaxLength="4" sap:unicode="false" sap:label="Posicion" sap:creatable="false"
					sap:updatable="false" sap:sortable="false" sap:filterable="false"/><Property Name="Matnr" Type="Edm.String" Nullable="false" MaxLength="18" sap:unicode="false" sap:label="Material" sap:creatable="false"
					sap:updatable="false" sap:sortable="false" sap:filterable="false"/><Property Name="Descripcion" Type="Edm.String" Nullable="false" MaxLength="40" sap:unicode="false" sap:label="Texto breve de material"
					sap:creatable="false" sap:updatable="false" sap:sortable="false" sap:filterable="false"/><Property Name="Cantidad" Type="Edm.String" Nullable="false" MaxLength="20" sap:unicode="false" sap:label="Cantidad" sap:creatable="false"
					sap:updatable="false" sap:sortable="false" sap:filterable="false"/><Property Name="Almacen" Type="Edm.String" Nullable="false" MaxLength="4" sap:unicode="false" sap:label="Almacen" sap:creatable="false"
					sap:updatable="false" sap:sortable="false" sap:filterable="false"/><Property Name="Werks" Type="Edm.String" Nullable="false" MaxLength="4" sap:unicode="false" sap:label="Centro" sap:creatable="false"
					sap:updatable="false" sap:sortable="false" sap:filterable="false"/><Property Name="Fecha" Type="Edm.String" Nullable="false" MaxLength="10" sap:unicode="false" sap:label="Fecha" sap:creatable="false"
					sap:updatable="false" sap:sortable="false" sap:filterable="false"/><Property Name="Batch" Type="Edm.String" Nullable="false" MaxLength="10" sap:unicode="false" sap:label="Lote" sap:creatable="false"
					sap:updatable="false" sap:sortable="false" sap:filterable="false"/></EntityType>
			<EntityType Name="Descomponer" sap:content-version="1">
				<Key><PropertyRef Name="Bodega"/><PropertyRef Name="Codigo"/><PropertyRef Name="Codigo2"/></Key><Property Name="Mtart" Type="Edm.String" Nullable="false" MaxLength="4" sap:unicode="false" sap:label="Tipo material" sap:creatable="false"
					sap:updatable="false" sap:sortable="false" sap:filterable="false"/><Property Name="Bodega" Type="Edm.String" Nullable="false" MaxLength="4" sap:unicode="false" sap:label="Centro" sap:creatable="false"
					sap:updatable="false" sap:sortable="false" sap:filterable="false"/><Property Name="Codigo" Type="Edm.String" Nullable="false" MaxLength="18" sap:unicode="false" sap:label="Material" sap:creatable="false"
					sap:updatable="false" sap:sortable="false" sap:filterable="false"/><Property Name="Descripcion" Type="Edm.String" Nullable="false" MaxLength="40" sap:unicode="false" sap:label="Denominación"
					sap:creatable="false" sap:updatable="false" sap:sortable="false" sap:filterable="false"/><Property Name="Codigo2" Type="Edm.String" Nullable="false" MaxLength="18" sap:unicode="false" sap:label="Material" sap:creatable="false"
					sap:updatable="false" sap:sortable="false" sap:filterable="false"/><Property Name="Stock" Type="Edm.String" Nullable="false" MaxLength="20" sap:unicode="false" sap:label="Stock" sap:creatable="false"
					sap:updatable="false" sap:sortable="false" sap:filterable="false"/><Property Name="Lote" Type="Edm.String" Nullable="false" MaxLength="10" sap:unicode="false" sap:label="Lote" sap:creatable="false"
					sap:updatable="false" sap:sortable="false" sap:filterable="false"/><Property Name="LGORT" Type="Edm.String" Nullable="false" MaxLength="4" sap:unicode="false" sap:label="Almacén" sap:creatable="false"
					sap:updatable="false" sap:sortable="false" sap:filterable="false"/><Property Name="Cosecha" Type="Edm.String" Nullable="false" MaxLength="4" sap:unicode="false" sap:label="Ejercicio" sap:creatable="false"
					sap:updatable="false" sap:sortable="false" sap:filterable="false"/><Property Name="Orden" Type="Edm.String" Nullable="false" MaxLength="12" sap:unicode="false" sap:label="Orden" sap:creatable="false"
					sap:updatable="false" sap:sortable="false" sap:filterable="false"/></EntityType>
			<EntityType Name="Desclista" sap:content-version="1">
				<Key><PropertyRef Name="Orden"/><PropertyRef Name="Codigo2"/></Key><Property Name="Orden" Type="Edm.String" Nullable="false" MaxLength="12" sap:unicode="false" sap:label="Número de orden"
					sap:creatable="false" sap:updatable="false" sap:sortable="false" sap:filterable="false"/><Property Name="Posicion" Type="Edm.String" Nullable="false" MaxLength="4" sap:unicode="false"
					sap:label="Número de posición de lista de materiales" sap:creatable="false" sap:updatable="false" sap:sortable="false"
					sap:filterable="false"/><Property Name="Codigo2" Type="Edm.String" Nullable="false" MaxLength="18" sap:unicode="false" sap:label="Número de material"
					sap:creatable="false" sap:updatable="false" sap:sortable="false" sap:filterable="false"/><Property Name="Descripcion" Type="Edm.String" Nullable="false" MaxLength="40" sap:unicode="false" sap:creatable="false"
					sap:updatable="false" sap:sortable="false" sap:filterable="false"/><Property Name="Cantidad" Type="Edm.String" Nullable="false" MaxLength="32" sap:unicode="false" sap:label="Cantidad necesaria"
					sap:creatable="false" sap:updatable="false" sap:sortable="false" sap:filterable="false"/><Property Name="LGORT" Type="Edm.String" Nullable="false" MaxLength="4" sap:unicode="false" sap:label="Almacén" sap:creatable="false"
					sap:updatable="false" sap:sortable="false" sap:filterable="false"/><Property Name="Lote" Type="Edm.String" Nullable="false" MaxLength="10" sap:unicode="false" sap:label="Número de lote" sap:creatable="false"
					sap:updatable="false" sap:sortable="false" sap:filterable="false"/><Property Name="CantidadUN" Type="Edm.String" Nullable="false" MaxLength="20" sap:unicode="false"
					sap:label="Cantidad en unidad de medida de entrada" sap:creatable="false" sap:updatable="false" sap:sortable="false" sap:filterable="false"/></EntityType>
			<Association Name="As_Descordenpo" sap:content-version="1"><End Type="ZPP_DESCOMPONER_MEZCLA_SRV.Descorden" Multiplicity="1" Role="FromRole_As_Descordenpo"/><End Type="ZPP_DESCOMPONER_MEZCLA_SRV.Descordenpo" Multiplicity="*" Role="ToRole_As_Descordenpo"/>
				<ReferentialConstraint>
					<Principal Role="FromRole_As_Descordenpo"><PropertyRef Name="Orden"/></Principal>
					<Dependent Role="ToRole_As_Descordenpo"><PropertyRef Name="Orden"/></Dependent>
				</ReferentialConstraint>
			</Association>
			<Association Name="As_liberar" sap:content-version="1"><End Type="ZPP_DESCOMPONER_MEZCLA_SRV.LibCabecera" Multiplicity="1" Role="FromRole_As_liberar"/><End Type="ZPP_DESCOMPONER_MEZCLA_SRV.LibPosicion" Multiplicity="*" Role="ToRole_As_liberar"/>
				<ReferentialConstraint>
					<Principal Role="FromRole_As_liberar"><PropertyRef Name="Aufnr"/></Principal>
					<Dependent Role="ToRole_As_liberar"><PropertyRef Name="Aufnr"/></Dependent>
				</ReferentialConstraint>
			</Association>
			<EntityContainer Name="ZPP_DESCOMPONER_MEZCLA_SRV_Entities" m:IsDefaultEntityContainer="true" sap:supported-formats="atom json xlsx"><EntitySet Name="DescordenSet" EntityType="ZPP_DESCOMPONER_MEZCLA_SRV.Descorden" sap:creatable="false" sap:updatable="false"
				sap:deletable="false" sap:searchable="true" sap:pageable="false" sap:content-version="1"/><EntitySet Name="DescordenpoSet" EntityType="ZPP_DESCOMPONER_MEZCLA_SRV.Descordenpo" sap:creatable="false" sap:updatable="false"
				sap:deletable="false" sap:searchable="true" sap:pageable="false" sap:content-version="1"/><EntitySet Name="LibCabeceraSet" EntityType="ZPP_DESCOMPONER_MEZCLA_SRV.LibCabecera" sap:creatable="false" sap:updatable="false"
				sap:deletable="false" sap:searchable="true" sap:pageable="false" sap:content-version="1"/><EntitySet Name="LibPosicionSet" EntityType="ZPP_DESCOMPONER_MEZCLA_SRV.LibPosicion" sap:creatable="false" sap:updatable="false"
				sap:deletable="false" sap:searchable="true" sap:pageable="false" sap:content-version="1"/><EntitySet Name="DescomponerSet" EntityType="ZPP_DESCOMPONER_MEZCLA_SRV.Descomponer" sap:creatable="false" sap:updatable="false"
				sap:deletable="false" sap:searchable="true" sap:pageable="false" sap:content-version="1"/><EntitySet Name="DesclistaSet" EntityType="ZPP_DESCOMPONER_MEZCLA_SRV.Desclista" sap:creatable="false" sap:updatable="false"
				sap:deletable="false" sap:searchable="true" sap:pageable="false" sap:content-version="1"/>
				<AssociationSet Name="As_DescordenpoSet" Association="ZPP_DESCOMPONER_MEZCLA_SRV.As_Descordenpo" sap:creatable="false" sap:updatable="false"
					sap:deletable="false" sap:content-version="1"><End EntitySet="DescordenSet" Role="FromRole_As_Descordenpo"/><End EntitySet="DescordenpoSet" Role="ToRole_As_Descordenpo"/></AssociationSet>
				<AssociationSet Name="As_liberarSet" Association="ZPP_DESCOMPONER_MEZCLA_SRV.As_liberar" sap:creatable="false" sap:updatable="false"
					sap:deletable="false" sap:content-version="1"><End EntitySet="LibCabeceraSet" Role="FromRole_As_liberar"/><End EntitySet="LibPosicionSet" Role="ToRole_As_liberar"/></AssociationSet>
			</EntityContainer><atom:link xmlns:atom="http://www.w3.org/2005/Atom" rel="self" href="./sap/ZPP_DESCOMPONER_MEZCLA_SRV/$metadata"/><atom:link xmlns:atom="http://www.w3.org/2005/Atom" rel="latest-version" href="./sap/ZPP_DESCOMPONER_MEZCLA_SRV/$metadata"/></Schema>
	</edmx:DataServices>
</edmx:Edmx>