{
    "resources": [
        {
            "name": "../i18n/i18n_no.properties",
            "raw": "i18n/i18n.properties",
            "locale": "_no"
        },
        {
            "name": "../i18n/i18n_tr.properties",
            "raw": "i18n/i18n.properties",
            "locale": "_tr"
        },
        {
            "name": "../i18n/i18n_sl.properties",
            "raw": "i18n/i18n.properties",
            "locale": "_sl"
        },
        {
            "name": "../i18n/i18n_sk.properties",
            "raw": "i18n/i18n.properties",
            "locale": "_sk"
        },
        {
            "name": "../i18n/i18n_sh.properties",
            "raw": "i18n/i18n.properties",
            "locale": "_sh"
        },
        {
            "name": "../i18n/i18n_ru.properties",
            "raw": "i18n/i18n.properties",
            "locale": "_ru"
        },
        {
            "name": "../i18n/i18n_ro.properties",
            "raw": "i18n/i18n.properties",
            "locale": "_ro"
        },
        {
            "name": "../i18n/i18n_zh_CN.properties",
            "raw": "i18n/i18n.properties",
            "locale": "_zh_CN"
        },
        {
            "name": "../i18n/i18n_pl.properties",
            "raw": "i18n/i18n.properties",
            "locale": "_pl"
        },
        {
            "name": "../i18n/i18n_pt.properties",
            "raw": "i18n/i18n.properties",
            "locale": "_pt"
        },
        {
            "name": "../i18n/i18n_ja.properties",
            "raw": "i18n/i18n.properties",
            "locale": "_ja"
        },
        {
            "name": "../i18n/i18n_iw.properties",
            "raw": "i18n/i18n.properties",
            "locale": "_iw"
        },
        {
            "name": "../i18n/i18n_it.properties",
            "raw": "i18n/i18n.properties",
            "locale": "_it"
        },
        {
            "name": "../i18n/i18n_hu.properties",
            "raw": "i18n/i18n.properties",
            "locale": "_hu"
        },
        {
            "name": "../i18n/i18n_hr.properties",
            "raw": "i18n/i18n.properties",
            "locale": "_hr"
        },
        {
            "name": "../i18n/i18n_fr.properties",
            "raw": "i18n/i18n.properties",
            "locale": "_fr"
        },
        {
            "name": "../i18n/i18n_es.properties",
            "raw": "i18n/i18n.properties",
            "locale": "_es"
        },
        {
            "name": "../i18n/i18n_en_US_saptrc.properties",
            "raw": "i18n/i18n.properties",
            "locale": "_en_US_saptrc"
        },
        {
            "name": "../i18n/i18n_en_US_sappsd.properties",
            "raw": "i18n/i18n.properties",
            "locale": "_en_US_sappsd"
        },
        {
            "name": "../i18n/i18n_en.properties",
            "raw": "i18n/i18n.properties",
            "locale": "_en"
        },
        {
            "name": "../i18n/i18n_de.properties",
            "raw": "i18n/i18n.properties",
            "locale": "_de"
        },
        {
            "name": "../i18n/i18n_cs.properties",
            "raw": "i18n/i18n.properties",
            "locale": "_cs"
        },
        {
            "name": "../i18n/i18n_bg.properties",
            "raw": "i18n/i18n.properties",
            "locale": "_bg"
        },
        {
            "name": "../i18n/i18n_ar.properties",
            "raw": "i18n/i18n.properties",
            "locale": "_ar"
        },
        {
            "name": "../i18n/i18n.properties",
            "raw": "i18n/i18n.properties"
        },
        {
            "name": "../view/AccountAssignmentTable.controller.js"
        },
        {
            "name": "../neo-app.json"
        },
        {
            "name": "../manifest.json"
        },
        {
            "name": "../view/S4.controller.js"
        },
        {
            "name": "../view/S4-dbg.controller.js",
            "isDebug": true
        },
        {
            "name": "../view/S3.controller.js"
        },
        {
            "name": "../view/S3-dbg.controller.js",
            "isDebug": true
        },
        {
            "name": "../view/S2.controller.js"
        },
        {
            "name": "../view/S2-dbg.controller.js",
            "isDebug": true
        },
        {
            "name": "../view/ItemServiceLine.controller.js"
        },
        {
            "name": "../view/ItemServiceLine-dbg.controller.js",
            "isDebug": true
        },
        {
            "name": "../view/ItemServiceLimit.controller.js"
        },
        {
            "name": "../view/ItemServiceLimit-dbg.controller.js",
            "isDebug": true
        },
        {
            "name": "../version.json"
        },
        {
            "name": "../view/AccountAssignmentTable-dbg.controller.js",
            "isDebug": true
        },
        {
            "name": "../util/Conversions.js"
        },
        {
            "name": "../util/Conversions-dbg.js",
            "isDebug": true
        },
        {
            "name": "../model/config.js"
        },
        {
            "name": "../model/config-dbg.js",
            "isDebug": true
        },
        {
            "name": "../Main.controller.js"
        },
        {
            "name": "../Main-dbg.controller.js",
            "isDebug": true
        },
        {
            "name": "../Configuration.js"
        },
        {
            "name": "../Configuration-dbg.js",
            "isDebug": true
        },
        {
            "name": "../Component.js"
        },
        {
            "name": "../Component-preload.js",
            "merged": true
        },
        {
            "name": "../Component-preload-dbg.js",
            "isDebug": true
        },
        {
            "name": "../Component-dbg.js",
            "isDebug": true
        },
        {
            "name": "../manifest-bundle.zip"
        },
        {
            "name": "../view/S4-dbg-dbg.controller.js",
            "isDebug": true
        },
        {
            "name": "../view/S3-dbg-dbg.controller.js",
            "isDebug": true
        },
        {
            "name": "../view/S2-dbg-dbg.controller.js",
            "isDebug": true
        },
        {
            "name": "../view/ItemServiceLine-dbg-dbg.controller.js",
            "isDebug": true
        },
        {
            "name": "../view/ItemServiceLimit-dbg-dbg.controller.js",
            "isDebug": true
        },
        {
            "name": "../view/AccountAssignmentTable-dbg-dbg.controller.js",
            "isDebug": true
        },
        {
            "name": "../model/config-dbg-dbg.js",
            "isDebug": true
        },
        {
            "name": "../util/Conversions-dbg-dbg.js",
            "isDebug": true
        },
        {
            "name": "../Main-dbg-dbg.controller.js",
            "isDebug": true
        },
        {
            "name": "../Configuration-dbg-dbg.js",
            "isDebug": true
        },
        {
            "name": "../Component-preload-dbg-dbg.js",
            "isDebug": true
        },
        {
            "name": "../Component-dbg-dbg.js",
            "isDebug": true
        },
        {
            "name": "../../../../../../sap-ui-version.json"
        },
        {
            "name": "../view/S4.view.xml"
        },
        {
            "name": "../view/S3.view.xml"
        },
        {
            "name": "../view/S2.view.xml"
        },
        {
            "name": "../view/ItemServiceLine.view.xml"
        },
        {
            "name": "../view/ItemServiceLimit.view.xml"
        },
        {
            "name": "../view/AccountAssignmentTable.view.xml"
        },
        {
            "name": "../model/metadata.xml"
        },
        {
            "name": "../css/mmPurchorderApprove.css"
        },
        {
            "name": "../css/mmPurchorderApprove-dbg.css",
            "isDebug": true
        },
        {
            "name": "../index.html"
        },
        {
            "name": "../Main.view.xml"
        },
        {
            "name": "../.Ui5RepositoryTextFiles"
        },
        {
            "name": "../.Ui5RepositoryIgnore"
        },
        {
            "name": "../.Ui5RepositoryBinaryFiles"
        }
    ]
}