{
    "resources": [
        {
            "name": "model/models.js"
        },
        {
            "name": "i18n/i18n_es.properties",
            "raw": "i18n/i18n.properties",
            "locale": "_es"
        },
        {
            "name": "i18n/i18n_pt.properties",
            "raw": "i18n/i18n.properties",
            "locale": "_pt"
        },
        {
            "name": "i18n/i18n.properties",
            "raw": "i18n/i18n.properties"
        },
        {
            "name": "sap-ui-cachebuster-info.json"
        },
        {
            "name": "resources.json",
            "merged": true
        },
        {
            "name": "neo-app.json"
        },
        {
            "name": "manifest.json"
        },
        {
            "name": "di.code-validation.core_issues.json"
        },
        {
            "name": "resources/sap-ui-version.json"
        },
        {
            "name": "i18n/i18n_en.properties",
            "raw": "i18n/i18n.properties",
            "locale": "_en"
        },
        {
            "name": "model/models-dbg.js",
            "isDebug": true
        },
        {
            "name": "model/formatter.js"
        },
        {
            "name": "model/formatter-dbg.js",
            "isDebug": true
        },
        {
            "name": "localService/mockserver.js"
        },
        {
            "name": "localService/mockserver-dbg.js",
            "isDebug": true
        },
        {
            "name": "controller/Master.controller.js"
        },
        {
            "name": "controller/Master-dbg.controller.js",
            "isDebug": true
        },
        {
            "name": "controller/ListSelector.js"
        },
        {
            "name": "controller/ListSelector-dbg.js",
            "isDebug": true
        },
        {
            "name": "controller/ErrorHandler.js"
        },
        {
            "name": "controller/ErrorHandler-dbg.js",
            "isDebug": true
        },
        {
            "name": "controller/Detail.controller.js"
        },
        {
            "name": "controller/Detail-dbg.controller.js",
            "isDebug": true
        },
        {
            "name": "controller/BaseController.js"
        },
        {
            "name": "controller/BaseController-dbg.js",
            "isDebug": true
        },
        {
            "name": "controller/App.controller.js"
        },
        {
            "name": "controller/App-dbg.controller.js",
            "isDebug": true
        },
        {
            "name": "Component.js"
        },
        {
            "name": "Component-preload.js",
            "merged": true
        },
        {
            "name": "Component-dbg.js",
            "isDebug": true
        },
        {
            "name": "manifest-bundle.zip"
        },
        {
            "name": "model/models-dbg-dbg.js",
            "isDebug": true
        },
        {
            "name": "model/formatter-dbg-dbg.js",
            "isDebug": true
        },
        {
            "name": "localService/mockserver-dbg-dbg.js",
            "isDebug": true
        },
        {
            "name": "controller/Master-dbg-dbg.controller.js",
            "isDebug": true
        },
        {
            "name": "controller/ListSelector-dbg-dbg.js",
            "isDebug": true
        },
        {
            "name": "controller/ErrorHandler-dbg-dbg.js",
            "isDebug": true
        },
        {
            "name": "controller/Detail-dbg-dbg.controller.js",
            "isDebug": true
        },
        {
            "name": "controller/BaseController-dbg-dbg.js",
            "isDebug": true
        },
        {
            "name": "controller/App-dbg-dbg.controller.js",
            "isDebug": true
        },
        {
            "name": "Component-preload-dbg.js",
            "isDebug": true
        },
        {
            "name": "Component-dbg-dbg.js",
            "isDebug": true
        },
        {
            "name": "../../../sap-ui-version.json"
        },
        {
            "name": "view/ViewSettingsDialog.fragment.xml"
        },
        {
            "name": "view/NotFound.view.xml"
        },
        {
            "name": "view/Master.view.xml"
        },
        {
            "name": "view/DetailObjectNotFound.view.xml"
        },
        {
            "name": "view/DetailNoObjectsAvailable.view.xml"
        },
        {
            "name": "view/Detail.view.xml"
        },
        {
            "name": "view/App.view.xml"
        },
        {
            "name": "localService/metadata.xml"
        },
        {
            "name": "index.html"
        }
    ]
}