{
    "resources": [
        {
            "name": "../../z_figestionacreedores/Component.js"
        },
        {
            "name": "../../z_figestionacreedores/controller/listado.controller.js"
        },
        {
            "name": "../../z_figestionacreedores/view/utils/connectivity.js"
        },
        {
            "name": "../../z_figestionacreedores/view/ppal.view.js"
        },
        {
            "name": "../../z_figestionacreedores/js/util.js"
        },
        {
            "name": "../../z_figestionacreedores/controller/subirArchivo.controller.js"
        },
        {
            "name": "../../z_figestionacreedores/controller/ppal.controller.js"
        },
        {
            "name": "../../z_figestionacreedores/controller/modif.controller.js"
        },
        {
            "name": "../../z_figestionacreedores/controller/menu.controller.js"
        },
        {
            "name": "../../z_figestionacreedores/controller/master.controller2.js"
        },
        {
            "name": "../../z_figestionacreedores/controller/master.controller.js"
        },
        {
            "name": "../../z_figestionacreedores/manifest.json"
        },
        {
            "name": "../../z_figestionacreedores/controller/detalle.controller.js"
        },
        {
            "name": "../../z_figestionacreedores/controller/detall.controller.js"
        },
        {
            "name": "../../z_figestionacreedores/controller/creaAcreedor.controller.js"
        },
        {
            "name": "../../z_figestionacreedores/controller/crea.controller.js"
        },
        {
            "name": "../../z_figestionacreedores/controller/borrado.controller.js"
        },
        {
            "name": "../../z_figestionacreedores/controller/ampliar.controller.js"
        },
        {
            "name": "../../z_figestionacreedores/i18n/i18n.properties",
            "raw": "i18n/i18n.properties"
        },
        {
            "name": "../../z_figestionacreedores/Component-preload.js",
            "merged": true
        },
        {
            "name": "../../z_figestionacreedores/manifest-bundle.zip"
        },
        {
            "name": "../../z_figestionacreedores/controller/ppal-dbg.controller.js",
            "isDebug": true
        },
        {
            "name": "../../z_figestionacreedores/view/ppal-dbg.view.js",
            "isDebug": true
        },
        {
            "name": "../../z_figestionacreedores/js/util-dbg.js",
            "isDebug": true
        },
        {
            "name": "../../z_figestionacreedores/controller/subirArchivo-dbg.controller.js",
            "isDebug": true
        },
        {
            "name": "../../z_figestionacreedores/view/utils/connectivity-dbg.js",
            "isDebug": true
        },
        {
            "name": "../../z_figestionacreedores/controller/modif-dbg.controller.js",
            "isDebug": true
        },
        {
            "name": "../../z_figestionacreedores/controller/menu-dbg.controller.js",
            "isDebug": true
        },
        {
            "name": "../../z_figestionacreedores/controller/master.controller2-dbg.js",
            "isDebug": true
        },
        {
            "name": "../../z_figestionacreedores/controller/master-dbg.controller.js",
            "isDebug": true
        },
        {
            "name": "../../z_figestionacreedores/controller/listado-dbg.controller.js",
            "isDebug": true
        },
        {
            "name": "../../z_figestionacreedores/controller/detalle-dbg.controller.js",
            "isDebug": true
        },
        {
            "name": "../../z_figestionacreedores/controller/detall-dbg.controller.js",
            "isDebug": true
        },
        {
            "name": "../../z_figestionacreedores/controller/creaAcreedor-dbg.controller.js",
            "isDebug": true
        },
        {
            "name": "../../z_figestionacreedores/controller/crea-dbg.controller.js",
            "isDebug": true
        },
        {
            "name": "../../z_figestionacreedores/controller/borrado-dbg.controller.js",
            "isDebug": true
        },
        {
            "name": "../../z_figestionacreedores/controller/ampliar-dbg.controller.js",
            "isDebug": true
        },
        {
            "name": "../../z_figestionacreedores/Component-dbg.js",
            "isDebug": true
        },
        {
            "name": "../../z_figestionacreedores/Component-preload-dbg.js",
            "isDebug": true
        },
        {
            "name": "../../sap-ui-version.json"
        },
        {
            "name": "../../z_figestionacreedores/view/utils/subirArchivo.view.xml"
        },
        {
            "name": "../../z_figestionacreedores/view/modifica.fragment.xml"
        },
        {
            "name": "../../z_figestionacreedores/view/modif.view.xml"
        },
        {
            "name": "../../z_figestionacreedores/view/missolicitudes.fragment.xml"
        },
        {
            "name": "../../z_figestionacreedores/view/menu.view.xml"
        },
        {
            "name": "../../z_figestionacreedores/view/master.view2.xml"
        },
        {
            "name": "../../z_figestionacreedores/view/master.view.xml"
        },
        {
            "name": "../../z_figestionacreedores/view/listado.view.xml"
        },
        {
            "name": "../../z_figestionacreedores/view/detalle.view.xml"
        },
        {
            "name": "../../z_figestionacreedores/view/detall.fragment.xml"
        },
        {
            "name": "../../z_figestionacreedores/view/creaAcreedor.view.xml"
        },
        {
            "name": "../../z_figestionacreedores/view/crea.view.xml"
        },
        {
            "name": "../../z_figestionacreedores/view/crea.fragment.xml"
        },
        {
            "name": "../../z_figestionacreedores/view/borrar.fragment.xml"
        },
        {
            "name": "../../z_figestionacreedores/view/borrado.view.xml"
        },
        {
            "name": "../../z_figestionacreedores/view/ampliar.view.xml"
        },
        {
            "name": "../../z_figestionacreedores/view/ampliar.fragment.xml"
        },
        {
            "name": "../../z_figestionacreedores/view/administracion.fragment.xml"
        },
        {
            "name": "../../z_figestionacreedores/img/logo.png"
        },
        {
            "name": "../../z_figestionacreedores/img/Reject@2.png"
        },
        {
            "name": "../../z_figestionacreedores/img/Reject@1.5.png"
        },
        {
            "name": "../../z_figestionacreedores/img/Reject.png"
        },
        {
            "name": "../../z_figestionacreedores/img/InProcess@2.png"
        },
        {
            "name": "../../z_figestionacreedores/img/InProcess@1.5.png"
        },
        {
            "name": "../../z_figestionacreedores/img/InProcess.png"
        },
        {
            "name": "../../z_figestionacreedores/img/Created@2.png"
        },
        {
            "name": "../../z_figestionacreedores/img/Created@1.5.png"
        },
        {
            "name": "../../z_figestionacreedores/img/Created.png"
        },
        {
            "name": "../../z_figestionacreedores/img/Aproved@2.png"
        },
        {
            "name": "../../z_figestionacreedores/img/Aproved@1.5.png"
        },
        {
            "name": "../../z_figestionacreedores/img/Aproved.png"
        },
        {
            "name": "../../z_figestionacreedores/css/Style.css"
        },
        {
            "name": "../../z_figestionacreedores/WEB-INF/web.xml"
        },
        {
            "name": "../../z_figestionacreedores/META-INF/MANIFEST.MF"
        },
        {
            "name": "../../z_figestionacreedores/index.html"
        }
    ]
}