{
    "resources": [
        {
            "name": "i18n/i18n_es.properties",
            "raw": "i18n/i18n.properties",
            "locale": "_es"
        },
        {
            "name": "i18n/i18n_pt.properties",
            "raw": "i18n/i18n.properties",
            "locale": "_pt"
        },
        {
            "name": "i18n/i18n.properties",
            "raw": "i18n/i18n.properties"
        },
        {
            "name": "resources/sap-ui-version.json"
        },
        {
            "name": "sap-ui-cachebuster-info.json"
        },
        {
            "name": "resources.json",
            "merged": true
        },
        {
            "name": "neo-app.json"
        },
        {
            "name": "manifest.json"
        },
        {
            "name": "di.code-validation.core_issues.json"
        },
        {
            "name": "model/models.js"
        },
        {
            "name": "model/models-dbg.js",
            "isDebug": true
        },
        {
            "name": "controller/View1.controller.js"
        },
        {
            "name": "controller/View1-dbg.controller.js",
            "isDebug": true
        },
        {
            "name": "Component.js"
        },
        {
            "name": "Component-preload.js",
            "merged": true
        },
        {
            "name": "Component-dbg.js",
            "isDebug": true
        },
        {
            "name": "manifest-bundle.zip"
        },
        {
            "name": "model/models-dbg-dbg.js",
            "isDebug": true
        },
        {
            "name": "i18n/i18n_en.properties",
            "raw": "i18n/i18n.properties",
            "locale": "_en"
        },
        {
            "name": "controller/View1-dbg-dbg.controller.js",
            "isDebug": true
        },
        {
            "name": "Component-preload-dbg.js",
            "isDebug": true
        },
        {
            "name": "Component-dbg-dbg.js",
            "isDebug": true
        },
        {
            "name": "../../../sap-ui-version.json"
        },
        {
            "name": "view/View1.view.xml"
        },
        {
            "name": "view/Agregar.fragment.xml"
        },
        {
            "name": "css/style.css"
        },
        {
            "name": "index.html"
        }
    ]
}