{
    "resources": [
        {
            "name": "../Component-preload.js",
            "merged": true
        },
        {
            "name": "../i18n/i18n_tr.properties",
            "raw": "i18n/i18n.properties",
            "locale": "_tr"
        },
        {
            "name": "../i18n/i18n_ru.properties",
            "raw": "i18n/i18n.properties",
            "locale": "_ru"
        },
        {
            "name": "../i18n/i18n_pt.properties",
            "raw": "i18n/i18n.properties",
            "locale": "_pt"
        },
        {
            "name": "../i18n/i18n_pl.properties",
            "raw": "i18n/i18n.properties",
            "locale": "_pl"
        },
        {
            "name": "../i18n/i18n_no.properties",
            "raw": "i18n/i18n.properties",
            "locale": "_no"
        },
        {
            "name": "../i18n/i18n_ja.properties",
            "raw": "i18n/i18n.properties",
            "locale": "_ja"
        },
        {
            "name": "../i18n/i18n_iw.properties",
            "raw": "i18n/i18n.properties",
            "locale": "_iw"
        },
        {
            "name": "../i18n/i18n_it.properties",
            "raw": "i18n/i18n.properties",
            "locale": "_it"
        },
        {
            "name": "../i18n/i18n_hu.properties",
            "raw": "i18n/i18n.properties",
            "locale": "_hu"
        },
        {
            "name": "../i18n/i18n_fr.properties",
            "raw": "i18n/i18n.properties",
            "locale": "_fr"
        },
        {
            "name": "../i18n/i18n_es.properties",
            "raw": "i18n/i18n.properties",
            "locale": "_es"
        },
        {
            "name": "../i18n/i18n_en_US_saptrc.properties",
            "raw": "i18n/i18n.properties",
            "locale": "_en_US_saptrc"
        },
        {
            "name": "../i18n/i18n_en_US_sappsd.properties",
            "raw": "i18n/i18n.properties",
            "locale": "_en_US_sappsd"
        },
        {
            "name": "../i18n/i18n_en.properties",
            "raw": "i18n/i18n.properties",
            "locale": "_en"
        },
        {
            "name": "../i18n/i18n_de.properties",
            "raw": "i18n/i18n.properties",
            "locale": "_de"
        },
        {
            "name": "../i18n/i18n_zh_CN.properties",
            "raw": "i18n/i18n.properties",
            "locale": "_zh_CN"
        },
        {
            "name": "../i18n/i18n_ar.properties",
            "raw": "i18n/i18n.properties",
            "locale": "_ar"
        },
        {
            "name": "../i18n/i18n.properties",
            "raw": "i18n/i18n.properties"
        },
        {
            "name": "../view/RoleDetails-dbg.controller.js",
            "isDebug": true
        },
        {
            "name": "../model/PurchaseOrderItem.json"
        },
        {
            "name": "../model/PurchaseOrder.json"
        },
        {
            "name": "../model/Product.json"
        },
        {
            "name": "../version.json"
        },
        {
            "name": "../manifest.json"
        },
        {
            "name": "../view/RoleDetails.controller.js"
        },
        {
            "name": "../model/Supplier.json"
        },
        {
            "name": "../view/RequestMaster.controller.js"
        },
        {
            "name": "../view/RequestMaster-dbg.controller.js",
            "isDebug": true
        },
        {
            "name": "../view/RequestDetail.controller.js"
        },
        {
            "name": "../view/RequestDetail-dbg.controller.js",
            "isDebug": true
        },
        {
            "name": "../Main.controller.js"
        },
        {
            "name": "../Main-dbg.controller.js",
            "isDebug": true
        },
        {
            "name": "../Configuration.js"
        },
        {
            "name": "../Configuration-dbg.js",
            "isDebug": true
        },
        {
            "name": "../Component.js"
        },
        {
            "name": "../i18n/i18n_cs.properties",
            "raw": "i18n/i18n.properties",
            "locale": "_cs"
        },
        {
            "name": "../Component-preload-dbg.js",
            "isDebug": true
        },
        {
            "name": "../Component-dbg.js",
            "isDebug": true
        },
        {
            "name": "../manifest-bundle.zip"
        },
        {
            "name": "../Component-dbg-dbg.js",
            "isDebug": true
        },
        {
            "name": "../view/RoleDetails-dbg-dbg.controller.js",
            "isDebug": true
        },
        {
            "name": "../view/RequestMaster-dbg-dbg.controller.js",
            "isDebug": true
        },
        {
            "name": "../view/RequestDetail-dbg-dbg.controller.js",
            "isDebug": true
        },
        {
            "name": "../Main-dbg-dbg.controller.js",
            "isDebug": true
        },
        {
            "name": "../Configuration-dbg-dbg.js",
            "isDebug": true
        },
        {
            "name": "../Component-preload-dbg-dbg.js",
            "isDebug": true
        },
        {
            "name": "../../../../../sap-ui-version.json"
        },
        {
            "name": "../img/home/favicon.ico"
        },
        {
            "name": "../img/home/72_iPad_Desktop_Launch.png"
        },
        {
            "name": "../img/home/57_iPhone_Desktop_Launch.png"
        },
        {
            "name": "../img/home/144_iPad_Retina_Web_Clip.png"
        },
        {
            "name": "../img/home/114_iPhone_Retina_Web_Clip.png"
        },
        {
            "name": "../view/RoleDetails.view.xml"
        },
        {
            "name": "../view/RequestMaster.view.xml"
        },
        {
            "name": "../view/RequestDetail.view.xml"
        },
        {
            "name": "../model/metadata.xml"
        },
        {
            "name": "../index.html"
        },
        {
            "name": "../Main.view.xml"
        },
        {
            "name": "../.Ui5RepositoryTextFiles"
        },
        {
            "name": "../.Ui5RepositoryIgnore"
        },
        {
            "name": "../.Ui5RepositoryBinaryFiles"
        }
    ]
}