{
    "resources": [
        {
            "name": "../manifest-bundle.zip"
        },
        {
            "name": "../i18n/i18n_en.properties",
            "raw": "i18n/i18n.properties",
            "locale": "_en"
        },
        {
            "name": "../controller/Page1.controller.js"
        },
        {
            "name": "../model/mock.json"
        },
        {
            "name": "../.che/project.json"
        },
        {
            "name": "../manifest.json"
        },
        {
            "name": "../.project.json"
        },
        {
            "name": "../model/models.js"
        },
        {
            "name": "../model/errorHandling.js"
        },
        {
            "name": "../localService/mockserver.js"
        },
        {
            "name": "../controller/utilities.js"
        },
        {
            "name": "../controller/RiesgosTi.controller.js"
        },
        {
            "name": "../controller/RiesgosAll.controller.js"
        },
        {
            "name": "../controller/RiesgosAg.controller.js"
        },
        {
            "name": "../controller/Page6.controller.js"
        },
        {
            "name": "../controller/Page2.controller.js"
        },
        {
            "name": "../controller/Main.controller.js"
        },
        {
            "name": "../controller/Launchpad.controller.js"
        },
        {
            "name": "../serviceBinding.js"
        },
        {
            "name": "../Component.js"
        },
        {
            "name": "../i18n/i18n.properties",
            "raw": "i18n/i18n.properties"
        },
        {
            "name": "../Component-preload.js",
            "merged": true
        },
        {
            "name": "../controller/Page2-dbg.controller.js",
            "isDebug": true
        },
        {
            "name": "../model/errorHandling-dbg.js",
            "isDebug": true
        },
        {
            "name": "../localService/mockserver-dbg.js",
            "isDebug": true
        },
        {
            "name": "../controller/utilities-dbg.js",
            "isDebug": true
        },
        {
            "name": "../controller/RiesgosTi-dbg.controller.js",
            "isDebug": true
        },
        {
            "name": "../controller/RiesgosAll-dbg.controller.js",
            "isDebug": true
        },
        {
            "name": "../controller/RiesgosAg-dbg.controller.js",
            "isDebug": true
        },
        {
            "name": "../controller/Page6-dbg.controller.js",
            "isDebug": true
        },
        {
            "name": "../model/models-dbg.js",
            "isDebug": true
        },
        {
            "name": "../controller/Page1-dbg.controller.js",
            "isDebug": true
        },
        {
            "name": "../controller/Main-dbg.controller.js",
            "isDebug": true
        },
        {
            "name": "../controller/Launchpad-dbg.controller.js",
            "isDebug": true
        },
        {
            "name": "../serviceBinding-dbg.js",
            "isDebug": true
        },
        {
            "name": "../Component-dbg.js",
            "isDebug": true
        },
        {
            "name": "../../../../../sap-ui-version.json"
        },
        {
            "name": "../view/fragments/Dialog.fragment.xml"
        },
        {
            "name": "../localService/ZAC_RISK_SRV/metadata.xml"
        },
        {
            "name": "../view/RiesgosTi.view.xml"
        },
        {
            "name": "../view/RiesgosAll.view.xml"
        },
        {
            "name": "../view/RiesgosAg.view.xml"
        },
        {
            "name": "../view/Page6.view.xml"
        },
        {
            "name": "../view/Page2.view.xml"
        },
        {
            "name": "../view/Page1.view.xml"
        },
        {
            "name": "../view/Main.view.xml"
        },
        {
            "name": "../view/Launchpad.view.xml"
        },
        {
            "name": "../localService/metadata.xml"
        },
        {
            "name": "../css/style.css"
        },
        {
            "name": "../WEB-INF/web.xml"
        },
        {
            "name": "../index.html"
        }
    ]
}