{
    "resources": [
        {
            "name": "../../cl/conchaytoro/zpp_libera_descomposicion/controller/ErrorHandler-dbg-dbg.js",
            "isDebug": true
        },
        {
            "name": "../../cl/conchaytoro/zpp_libera_descomposicion/i18n/i18n_es.properties",
            "raw": "i18n/i18n.properties",
            "locale": "_es"
        },
        {
            "name": "../../cl/conchaytoro/zpp_libera_descomposicion/i18n/i18n_en.properties",
            "raw": "i18n/i18n.properties",
            "locale": "_en"
        },
        {
            "name": "../../cl/conchaytoro/zpp_libera_descomposicion/i18n/i18n.properties",
            "raw": "i18n/i18n.properties"
        },
        {
            "name": "../../cl/conchaytoro/zpp_libera_descomposicion/sap-ui-cachebuster-info.json"
        },
        {
            "name": "../../cl/conchaytoro/zpp_libera_descomposicion/resources.json",
            "merged": true
        },
        {
            "name": "../../cl/conchaytoro/zpp_libera_descomposicion/neo-app.json"
        },
        {
            "name": "../../cl/conchaytoro/zpp_libera_descomposicion/manifest.json"
        },
        {
            "name": "../../cl/conchaytoro/zpp_libera_descomposicion/di.code-validation.core_issues.json"
        },
        {
            "name": "../../cl/conchaytoro/zpp_libera_descomposicion/resources/sap-ui-version.json"
        },
        {
            "name": "../../cl/conchaytoro/zpp_libera_descomposicion/model/models.js"
        },
        {
            "name": "../../cl/conchaytoro/zpp_libera_descomposicion/model/models-dbg.js",
            "isDebug": true
        },
        {
            "name": "../../cl/conchaytoro/zpp_libera_descomposicion/model/formatter.js"
        },
        {
            "name": "../../cl/conchaytoro/zpp_libera_descomposicion/model/formatter-dbg.js",
            "isDebug": true
        },
        {
            "name": "../../cl/conchaytoro/zpp_libera_descomposicion/localService/mockserver.js"
        },
        {
            "name": "../../cl/conchaytoro/zpp_libera_descomposicion/localService/mockserver-dbg.js",
            "isDebug": true
        },
        {
            "name": "../../cl/conchaytoro/zpp_libera_descomposicion/controller/Master.controller.js"
        },
        {
            "name": "../../cl/conchaytoro/zpp_libera_descomposicion/controller/Master-dbg.controller.js",
            "isDebug": true
        },
        {
            "name": "../../cl/conchaytoro/zpp_libera_descomposicion/controller/ListSelector.js"
        },
        {
            "name": "../../cl/conchaytoro/zpp_libera_descomposicion/controller/ListSelector-dbg.js",
            "isDebug": true
        },
        {
            "name": "../../cl/conchaytoro/zpp_libera_descomposicion/controller/ErrorHandler.js"
        },
        {
            "name": "../../cl/conchaytoro/zpp_libera_descomposicion/controller/ErrorHandler-dbg.js",
            "isDebug": true
        },
        {
            "name": "../../cl/conchaytoro/zpp_libera_descomposicion/controller/Detail.controller.js"
        },
        {
            "name": "../../cl/conchaytoro/zpp_libera_descomposicion/controller/Detail-dbg.controller.js",
            "isDebug": true
        },
        {
            "name": "../../cl/conchaytoro/zpp_libera_descomposicion/controller/BaseController.js"
        },
        {
            "name": "../../cl/conchaytoro/zpp_libera_descomposicion/controller/BaseController-dbg.js",
            "isDebug": true
        },
        {
            "name": "../../cl/conchaytoro/zpp_libera_descomposicion/controller/App.controller.js"
        },
        {
            "name": "../../cl/conchaytoro/zpp_libera_descomposicion/controller/App-dbg.controller.js",
            "isDebug": true
        },
        {
            "name": "../../cl/conchaytoro/zpp_libera_descomposicion/Component.js"
        },
        {
            "name": "../../cl/conchaytoro/zpp_libera_descomposicion/Component-preload.js",
            "merged": true
        },
        {
            "name": "../../cl/conchaytoro/zpp_libera_descomposicion/Component-dbg.js",
            "isDebug": true
        },
        {
            "name": "../../cl/conchaytoro/zpp_libera_descomposicion/manifest-bundle.zip"
        },
        {
            "name": "../../cl/conchaytoro/zpp_libera_descomposicion/model/models-dbg-dbg.js",
            "isDebug": true
        },
        {
            "name": "../../cl/conchaytoro/zpp_libera_descomposicion/model/formatter-dbg-dbg.js",
            "isDebug": true
        },
        {
            "name": "../../cl/conchaytoro/zpp_libera_descomposicion/localService/mockserver-dbg-dbg.js",
            "isDebug": true
        },
        {
            "name": "../../cl/conchaytoro/zpp_libera_descomposicion/controller/Master-dbg-dbg.controller.js",
            "isDebug": true
        },
        {
            "name": "../../cl/conchaytoro/zpp_libera_descomposicion/controller/ListSelector-dbg-dbg.js",
            "isDebug": true
        },
        {
            "name": "../../cl/conchaytoro/zpp_libera_descomposicion/i18n/i18n_pt.properties",
            "raw": "i18n/i18n.properties",
            "locale": "_pt"
        },
        {
            "name": "../../cl/conchaytoro/zpp_libera_descomposicion/controller/Detail-dbg-dbg.controller.js",
            "isDebug": true
        },
        {
            "name": "../../cl/conchaytoro/zpp_libera_descomposicion/controller/BaseController-dbg-dbg.js",
            "isDebug": true
        },
        {
            "name": "../../cl/conchaytoro/zpp_libera_descomposicion/controller/App-dbg-dbg.controller.js",
            "isDebug": true
        },
        {
            "name": "../../cl/conchaytoro/zpp_libera_descomposicion/Component-preload-dbg.js",
            "isDebug": true
        },
        {
            "name": "../../cl/conchaytoro/zpp_libera_descomposicion/Component-dbg-dbg.js",
            "isDebug": true
        },
        {
            "name": "../../sap-ui-version.json"
        },
        {
            "name": "../../cl/conchaytoro/zpp_libera_descomposicion/view/ViewSettingsDialog.fragment.xml"
        },
        {
            "name": "../../cl/conchaytoro/zpp_libera_descomposicion/view/NotFound.view.xml"
        },
        {
            "name": "../../cl/conchaytoro/zpp_libera_descomposicion/view/Master.view.xml"
        },
        {
            "name": "../../cl/conchaytoro/zpp_libera_descomposicion/view/DetailObjectNotFound.view.xml"
        },
        {
            "name": "../../cl/conchaytoro/zpp_libera_descomposicion/view/DetailNoObjectsAvailable.view.xml"
        },
        {
            "name": "../../cl/conchaytoro/zpp_libera_descomposicion/view/Detail.view.xml"
        },
        {
            "name": "../../cl/conchaytoro/zpp_libera_descomposicion/view/App.view.xml"
        },
        {
            "name": "../../cl/conchaytoro/zpp_libera_descomposicion/localService/metadata.xml"
        },
        {
            "name": "../../cl/conchaytoro/zpp_libera_descomposicion/index.html"
        }
    ]
}