{
  "img/logo.png": 1600173399000,
  "controller/listado.controller.js": 1600798664970,
  "view/utils/connectivity.js": 1600796454207,
  "view/ppal.view.js": 1600173399000,
  "js/util.js": 1600173399000,
  "controller/subirArchivo.controller.js": 1600798338313,
  "controller/ppal.controller.js": 1600173399000,
  "controller/modif.controller.js": 1600173399000,
  "controller/menu.controller.js": 1600173399000,
  "controller/master.controller2.js": 1600798861791,
  "controller/master.controller.js": 1600798625822,
  "manifest.json": 1600803835935,
  "controller/detalle.controller.js": 1600173399000,
  "controller/detall.controller.js": 1600173399000,
  "controller/creaAcreedor.controller.js": 1600173399000,
  "controller/crea.controller.js": 1600173399000,
  "controller/borrado.controller.js": 1600173399000,
  "controller/ampliar.controller.js": 1600173399000,
  "Component.js": 1600173399000,
  "Component-preload.js": 1600803833717,
  "manifest-bundle.zip": 1600803831728,
  "controller/ppal-dbg.controller.js": 1600173399000,
  "view/ppal-dbg.view.js": 1600173399000,
  "js/util-dbg.js": 1600173399000,
  "controller/subirArchivo-dbg.controller.js": 1600798338313,
  "view/utils/connectivity-dbg.js": 1600796454207,
  "controller/modif-dbg.controller.js": 1600173399000,
  "controller/menu-dbg.controller.js": 1600173399000,
  "controller/master.controller2-dbg.js": 1600798861791,
  "controller/master-dbg.controller.js": 1600798625822,
  "controller/listado-dbg.controller.js": 1600798664970,
  "controller/detalle-dbg.controller.js": 1600173399000,
  "controller/detall-dbg.controller.js": 1600173399000,
  "controller/creaAcreedor-dbg.controller.js": 1600173399000,
  "controller/crea-dbg.controller.js": 1600173399000,
  "controller/borrado-dbg.controller.js": 1600173399000,
  "controller/ampliar-dbg.controller.js": 1600173399000,
  "Component-dbg.js": 1600173399000,
  "Component-preload-dbg.js": 1600803833717,
  "view/utils/subirArchivo.view.xml": 1600173399000,
  "view/utils/Icon\r": 1600173399000,
  "view/modifica.fragment.xml": 1600173399000,
  "view/modif.view.xml": 1600173399000,
  "view/missolicitudes.fragment.xml": 1600173399000,
  "view/menu.view.xml": 1600173399000,
  "view/master.view2.xml": 1600798898059,
  "view/master.view.xml": 1600798901411,
  "view/listado.view.xml": 1600173399000,
  "view/detalle.view.xml": 1600173399000,
  "view/detall.fragment.xml": 1600173399000,
  "view/creaAcreedor.view.xml": 1600173399000,
  "view/crea.view.xml": 1600173399000,
  "view/crea.fragment.xml": 1600173399000,
  "view/borrar.fragment.xml": 1600173399000,
  "view/borrado.view.xml": 1600173399000,
  "view/ampliar.view.xml": 1600173399000,
  "view/ampliar.fragment.xml": 1600173399000,
  "view/administracion.fragment.xml": 1600173399000,
  "view/Icon\r": 1600173399000,
  "js/Icon\r": 1600173399000,
  "i18n/i18n.properties": 1600173399000,
  "img/Reject@2.png": 1600173399000,
  "img/Reject@1.5.png": 1600173399000,
  "img/Reject.png": 1600173399000,
  "img/InProcess@2.png": 1600173399000,
  "img/InProcess@1.5.png": 1600173399000,
  "img/InProcess.png": 1600173399000,
  "img/Icon\r": 1600173399000,
  "img/Created@2.png": 1600173399000,
  "img/Created@1.5.png": 1600173399000,
  "img/Created.png": 1600173399000,
  "img/Aproved@2.png": 1600173399000,
  "img/Aproved@1.5.png": 1600173399000,
  "img/Aproved.png": 1600173399000,
  "i18n/Icon\r": 1600173399000,
  "css/Style.css": 1600173399000,
  "css/Icon\r": 1600173399000,
  "controller/Icon\r": 1600173399000,
  "WEB-INF/web.xml": 1600173399000,
  "WEB-INF/Icon\r": 1600173399000,
  "META-INF/MANIFEST.MF": 1600173399000,
  "META-INF/Icon\r": 1600173399000,
  "index.html": 1600173399000,
  "Icon\r": 1600173399000
}