{
  "view/ItemServiceLine.view.xml": 1600173398000,
  "i18n/i18n_tr.properties": 1600173398000,
  "i18n/i18n_sl.properties": 1600173398000,
  "i18n/i18n_sk.properties": 1600173398000,
  "i18n/i18n_sh.properties": 1600173398000,
  "i18n/i18n_ru.properties": 1600173398000,
  "i18n/i18n_ro.properties": 1600173398000,
  "i18n/i18n_pt.properties": 1600173398000,
  "i18n/i18n_pl.properties": 1600173398000,
  "i18n/i18n_no.properties": 1600173398000,
  "i18n/i18n_ja.properties": 1600173398000,
  "i18n/i18n_iw.properties": 1600173398000,
  "i18n/i18n_it.properties": 1600173398000,
  "i18n/i18n_hu.properties": 1600173398000,
  "i18n/i18n_hr.properties": 1600173398000,
  "i18n/i18n_fr.properties": 1600173398000,
  "i18n/i18n_es.properties": 1600173398000,
  "i18n/i18n_zh_CN.properties": 1600173398000,
  "i18n/i18n_en_US_sappsd.properties": 1600173398000,
  "i18n/i18n_en.properties": 1600173398000,
  "i18n/i18n_de.properties": 1600173398000,
  "i18n/i18n_cs.properties": 1600173398000,
  "i18n/i18n_bg.properties": 1600173398000,
  "i18n/i18n_ar.properties": 1600173398000,
  "i18n/i18n.properties": 1600173398000,
  "view/S3-dbg.controller.js": 1600173398000,
  "neo-app.json": 1600173398000,
  "manifest.json": 1600803866256,
  "view/S3_header.controller.js": 1600173398000,
  "view/S3_header-dbg.controller.js": 1600173398000,
  "view/S3.controller.js": 1600173398000,
  "version.json": 1600173398000,
  "view/S2.controller.js": 1600173398000,
  "view/S2-dbg.controller.js": 1600173398000,
  "view/Limit.controller.js": 1600173398000,
  "view/Limit-dbg.controller.js": 1600173398000,
  "view/ItemServiceLine.controller.js": 1600173398000,
  "view/ItemServiceLine-dbg.controller.js": 1600173398000,
  "view/ItemDetails.controller.js": 1600173398000,
  "view/ItemDetails-dbg.controller.js": 1600173398000,
  "view/AccountAssignmentTable.controller.js": 1600173398000,
  "view/AccountAssignmentTable-dbg.controller.js": 1600173398000,
  "util/Conversions.js": 1600173398000,
  "util/Conversions-dbg.js": 1600173398000,
  "model/config.js": 1600173398000,
  "model/config-dbg.js": 1600173398000,
  "Main.controller.js": 1600173398000,
  "Main-dbg.controller.js": 1600173398000,
  "Configuration.js": 1600795954651,
  "Configuration-dbg.js": 1600795947619,
  "Component.js": 1600173398000,
  "Component-preload.js": 1600803864817,
  "Component-preload-dbg.js": 1600795933507,
  "Component-dbg.js": 1600173398000,
  "manifest-bundle.zip": 1600803863522,
  "view/S3_header-dbg-dbg.controller.js": 1600173398000,
  "view/S3-dbg-dbg.controller.js": 1600173398000,
  "view/S2-dbg-dbg.controller.js": 1600173398000,
  "view/Limit-dbg-dbg.controller.js": 1600173398000,
  "view/ItemServiceLine-dbg-dbg.controller.js": 1600173398000,
  "view/ItemDetails-dbg-dbg.controller.js": 1600173398000,
  "view/AccountAssignmentTable-dbg-dbg.controller.js": 1600173398000,
  "util/Conversions-dbg-dbg.js": 1600173398000,
  "model/config-dbg-dbg.js": 1600173398000,
  "Main-dbg-dbg.controller.js": 1600173398000,
  "Configuration-dbg-dbg.js": 1600795947619,
  "Component-preload-dbg-dbg.js": 1600795933507,
  "Component-dbg-dbg.js": 1600173398000,
  "mm_pr_apv/resources.json": 1600803866264,
  "view/S3_header.view.xml": 1600173398000,
  "view/S3.view.xml": 1600173398000,
  "view/S2.view.xml": 1600173398000,
  "view/Limit.view.xml": 1600173398000,
  "i18n/i18n_en_US_saptrc.properties": 1600173398000,
  "view/ItemDetails.view.xml": 1600173398000,
  "view/Icon\r": 1600173398000,
  "view/AccountAssignmentTable.view.xml": 1600173398000,
  "util/Icon\r": 1600173398000,
  "model/Icon\r": 1600173398000,
  "i18n/Icon\r": 1600173398000,
  "css/mmRequisitionApprove.css": 1600173398000,
  "css/mmRequisitionApprove-dbg.css": 1600173398000,
  "css/Icon\r": 1600173398000,
  "index.html": 1600173398000,
  "Main.view.xml": 1600173398000,
  "Icon\r": 1600173398000,
  ".Ui5RepositoryTextFiles": 1600173398000,
  ".Ui5RepositoryIgnore": 1600173398000,
  ".Ui5RepositoryBinaryFiles": 1600173398000
}