<edmx:Edmx xmlns:edmx="http://schemas.microsoft.com/ado/2007/06/edmx"
	xmlns:m="http://schemas.microsoft.com/ado/2007/08/dataservices/metadata" xmlns:sap="http://www.sap.com/Protocols/SAPData" Version="1.0">
	<edmx:DataServices m:DataServiceVersion="2.0">
		<Schema xmlns="http://schemas.microsoft.com/ado/2008/09/edm" Namespace="ZMM_RECEPCION_VINO_SRV" xml:lang="es" sap:schema-version="1">
			<EntityType Name="EntradaItems" sap:content-version="1">
				<Key><PropertyRef Name="Vbeln"/><PropertyRef Name="Ebelp"/></Key><Property Name="Vbeln" Type="Edm.String" Nullable="false" MaxLength="10" sap:unicode="false" sap:label="Doc.compras" sap:creatable="false"
					sap:updatable="false" sap:sortable="false" sap:filterable="false"/><Property Name="Ebelp" Type="Edm.String" Nullable="false" MaxLength="5" sap:unicode="false" sap:label="Posición" sap:creatable="false"
					sap:updatable="false" sap:sortable="false" sap:filterable="false"/><Property Name="Matnr" Type="Edm.String" Nullable="false" MaxLength="18" sap:unicode="false" sap:label="Material" sap:creatable="false"
					sap:updatable="false" sap:sortable="false" sap:filterable="false"/><Property Name="Txz01" Type="Edm.String" Nullable="false" MaxLength="40" sap:unicode="false" sap:label="Txt.brv." sap:creatable="false"
					sap:updatable="false" sap:sortable="false" sap:filterable="false"/><Property Name="Meins" Type="Edm.String" Nullable="false" MaxLength="3" sap:unicode="false" sap:label="UM de pedido" sap:creatable="false"
					sap:updatable="false" sap:sortable="false" sap:filterable="false"/><Property Name="Menge" Type="Edm.String" Nullable="false" MaxLength="20" sap:unicode="false" sap:label="Cantidad de pedido"
					sap:creatable="false" sap:updatable="false" sap:sortable="false" sap:filterable="false"/><Property Name="Erdat" Type="Edm.String" Nullable="false" MaxLength="10" sap:unicode="false" sap:label="Formato fecha" sap:creatable="false"
					sap:updatable="false" sap:sortable="false" sap:filterable="false"/><Property Name="Bldat" Type="Edm.String" Nullable="false" MaxLength="10" sap:unicode="false" sap:label="Fecha de documento en documento"
					sap:creatable="false" sap:updatable="false" sap:sortable="false" sap:filterable="false"/><Property Name="Budat" Type="Edm.String" Nullable="false" MaxLength="10" sap:unicode="false"
					sap:label="Fecha de contabilización en el documento" sap:creatable="false" sap:updatable="false" sap:sortable="false" sap:filterable="false"/><Property Name="Updkz" Type="Edm.String" Nullable="false" MaxLength="1" sap:unicode="false" sap:label="Indicador-update"
					sap:creatable="false" sap:updatable="false" sap:sortable="false" sap:filterable="false"/></EntityType>
			<EntityType Name="EntradaHeader" sap:content-version="1">
				<Key><PropertyRef Name="Vbeln"/></Key><Property Name="Vbeln" Type="Edm.String" Nullable="false" MaxLength="10" sap:unicode="false" sap:label="Doc.compras" sap:creatable="false"
					sap:updatable="false" sap:sortable="false" sap:filterable="false"/><Property Name="Erdat" Type="Edm.String" Nullable="false" MaxLength="10" sap:unicode="false" sap:label="Formato fecha" sap:creatable="false"
					sap:updatable="false" sap:sortable="false" sap:filterable="false"/><NavigationProperty Name="HeaderToItems" Relationship="ZMM_RECEPCION_VINO_SRV.HeaderItems" FromRole="FromRole_HeaderItems"
					ToRole="ToRole_HeaderItems"/></EntityType>
			<Association Name="HeaderItems" sap:content-version="1"><End Type="ZMM_RECEPCION_VINO_SRV.EntradaHeader" Multiplicity="1" Role="FromRole_HeaderItems"/><End Type="ZMM_RECEPCION_VINO_SRV.EntradaItems" Multiplicity="*" Role="ToRole_HeaderItems"/>
				<ReferentialConstraint>
					<Principal Role="FromRole_HeaderItems"><PropertyRef Name="Vbeln"/></Principal>
					<Dependent Role="ToRole_HeaderItems"><PropertyRef Name="Ebelp"/></Dependent>
				</ReferentialConstraint>
			</Association>
			<EntityContainer Name="ZMM_RECEPCION_VINO_SRV_Entities" m:IsDefaultEntityContainer="true" sap:supported-formats="atom json xlsx"><EntitySet Name="EntradaItemsSet" EntityType="ZMM_RECEPCION_VINO_SRV.EntradaItems" sap:creatable="false" sap:updatable="false"
				sap:deletable="false" sap:pageable="false" sap:content-version="1"/><EntitySet Name="EntradaHeaderSet" EntityType="ZMM_RECEPCION_VINO_SRV.EntradaHeader" sap:creatable="false" sap:updatable="false"
				sap:deletable="false" sap:pageable="false" sap:content-version="1"/>
				<AssociationSet Name="HeaderItemsSet" Association="ZMM_RECEPCION_VINO_SRV.HeaderItems" sap:creatable="false" sap:updatable="false"
					sap:deletable="false" sap:content-version="1"><End EntitySet="EntradaHeaderSet" Role="FromRole_HeaderItems"/><End EntitySet="EntradaItemsSet" Role="ToRole_HeaderItems"/></AssociationSet>
			</EntityContainer><atom:link xmlns:atom="http://www.w3.org/2005/Atom" rel="self" href="./sap/ZMM_RECEPCION_VINO_SRV/$metadata"/><atom:link xmlns:atom="http://www.w3.org/2005/Atom" rel="latest-version" href="./sap/ZMM_RECEPCION_VINO_SRV/$metadata"/></Schema>
	</edmx:DataServices>
</edmx:Edmx>