{
    "resources": [
        {
            "name": "../../conchaytoro/cl/zsd_crear_solicitud_vino/i18n/i18n_es.properties",
            "raw": "i18n/i18n.properties",
            "locale": "_es"
        },
        {
            "name": "../../conchaytoro/cl/zsd_crear_solicitud_vino/i18n/i18n_en.properties",
            "raw": "i18n/i18n.properties",
            "locale": "_en"
        },
        {
            "name": "../../conchaytoro/cl/zsd_crear_solicitud_vino/i18n/i18n.properties",
            "raw": "i18n/i18n.properties"
        },
        {
            "name": "../../conchaytoro/cl/zsd_crear_solicitud_vino/controller/View1.controller.js"
        },
        {
            "name": "../../conchaytoro/cl/zsd_crear_solicitud_vino/sap-ui-cachebuster-info.json"
        },
        {
            "name": "../../conchaytoro/cl/zsd_crear_solicitud_vino/resources.json",
            "merged": true
        },
        {
            "name": "../../conchaytoro/cl/zsd_crear_solicitud_vino/neo-app.json"
        },
        {
            "name": "../../conchaytoro/cl/zsd_crear_solicitud_vino/manifest.json"
        },
        {
            "name": "../../conchaytoro/cl/zsd_crear_solicitud_vino/di.code-validation.core_issues.json"
        },
        {
            "name": "../../conchaytoro/cl/zsd_crear_solicitud_vino/model/models.js"
        },
        {
            "name": "../../conchaytoro/cl/zsd_crear_solicitud_vino/model/models-dbg.js",
            "isDebug": true
        },
        {
            "name": "../../conchaytoro/cl/zsd_crear_solicitud_vino/resources/sap-ui-version.json"
        },
        {
            "name": "../../conchaytoro/cl/zsd_crear_solicitud_vino/controller/View1-dbg.controller.js",
            "isDebug": true
        },
        {
            "name": "../../conchaytoro/cl/zsd_crear_solicitud_vino/Component.js"
        },
        {
            "name": "../../conchaytoro/cl/zsd_crear_solicitud_vino/Component-preload.js",
            "merged": true
        },
        {
            "name": "../../conchaytoro/cl/zsd_crear_solicitud_vino/Component-dbg.js",
            "isDebug": true
        },
        {
            "name": "../../conchaytoro/cl/zsd_crear_solicitud_vino/manifest-bundle.zip"
        },
        {
            "name": "../../conchaytoro/cl/zsd_crear_solicitud_vino/Component-preload-dbg.js",
            "isDebug": true
        },
        {
            "name": "../../conchaytoro/cl/zsd_crear_solicitud_vino/model/models-dbg-dbg.js",
            "isDebug": true
        },
        {
            "name": "../../conchaytoro/cl/zsd_crear_solicitud_vino/controller/View1-dbg-dbg.controller.js",
            "isDebug": true
        },
        {
            "name": "../../conchaytoro/cl/zsd_crear_solicitud_vino/Component-dbg-dbg.js",
            "isDebug": true
        },
        {
            "name": "../../sap-ui-version.json"
        },
        {
            "name": "../../conchaytoro/cl/zsd_crear_solicitud_vino/i18n/i18n_pt.properties",
            "raw": "i18n/i18n.properties",
            "locale": "_pt"
        },
        {
            "name": "../../conchaytoro/cl/zsd_crear_solicitud_vino/view/View1.view.xml"
        },
        {
            "name": "../../conchaytoro/cl/zsd_crear_solicitud_vino/view/Agregar.fragment.xml"
        },
        {
            "name": "../../conchaytoro/cl/zsd_crear_solicitud_vino/css/style.css"
        },
        {
            "name": "../../conchaytoro/cl/zsd_crear_solicitud_vino/index.html"
        }
    ]
}