{
  "test/unit/model/formatter.js": 1600173399000,
  "i18n/i18n_es.properties": 1600173399000,
  "i18n/i18n_en.properties": 1600173399000,
  "i18n/i18n.properties": 1600173399000,
  "test/integration/pages/Browser-dbg.js": 1600173399000,
  "sap-ui-cachebuster-info.json": 1600173399000,
  "resources.json": 1600804025633,
  "neo-app.json": 1600173399000,
  "manifest.json": 1600804025613,
  "di.code-validation.core_issues.json": 1600173399000,
  "test/unit/model/models.js": 1600173399000,
  "test/unit/model/models-dbg.js": 1600173399000,
  "i18n/i18n_pt.properties": 1600173399000,
  "test/unit/model/formatter-dbg.js": 1600173399000,
  "test/unit/controller/ListSelector.js": 1600173399000,
  "test/unit/controller/ListSelector-dbg.js": 1600173399000,
  "test/unit/controller/App.controller.js": 1600173399000,
  "test/unit/controller/App-dbg.controller.js": 1600173399000,
  "test/integration/pages/NotFound.js": 1600173399000,
  "test/integration/pages/NotFound-dbg.js": 1600173399000,
  "test/integration/pages/Master.js": 1600173399000,
  "test/integration/pages/Master-dbg.js": 1600173399000,
  "test/integration/pages/Detail.js": 1600173399000,
  "test/integration/pages/Detail-dbg.js": 1600173399000,
  "test/integration/pages/Common.js": 1600173399000,
  "test/integration/pages/Common-dbg.js": 1600173399000,
  "test/integration/pages/Browser.js": 1600173399000,
  "resources/sap-ui-version.json": 1600173399000,
  "test/integration/pages/App.js": 1600173399000,
  "test/integration/pages/App-dbg.js": 1600173399000,
  "test/unit/allTests.js": 1600173399000,
  "test/unit/allTests-dbg.js": 1600173399000,
  "test/integration/PhoneJourneys.js": 1600173399000,
  "test/integration/PhoneJourneys-dbg.js": 1600173399000,
  "test/integration/NotFoundJourneyPhone.js": 1600173399000,
  "test/integration/NotFoundJourneyPhone-dbg.js": 1600173399000,
  "test/integration/NotFoundJourney.js": 1600173399000,
  "test/integration/NotFoundJourney-dbg.js": 1600173399000,
  "test/integration/NavigationJourneyPhone.js": 1600173399000,
  "test/integration/NavigationJourneyPhone-dbg.js": 1600173399000,
  "test/integration/NavigationJourney.js": 1600173399000,
  "test/integration/NavigationJourney-dbg.js": 1600173399000,
  "test/integration/MasterJourney.js": 1600173399000,
  "test/integration/MasterJourney-dbg.js": 1600173399000,
  "test/integration/BusyJourneyPhone.js": 1600173399000,
  "test/integration/BusyJourneyPhone-dbg.js": 1600173399000,
  "test/integration/BusyJourney.js": 1600173399000,
  "test/integration/BusyJourney-dbg.js": 1600173399000,
  "test/integration/AllJourneys.js": 1600173399000,
  "test/integration/AllJourneys-dbg.js": 1600173399000,
  "model/models.js": 1600173399000,
  "model/models-dbg.js": 1600173399000,
  "model/formatter.js": 1600173399000,
  "model/formatter-dbg.js": 1600173399000,
  "localService/mockserver.js": 1600173399000,
  "localService/mockserver-dbg.js": 1600173399000,
  "controller/Master.controller.js": 1600173399000,
  "controller/Master-dbg.controller.js": 1600173399000,
  "controller/ListSelector.js": 1600173399000,
  "controller/ListSelector-dbg.js": 1600173399000,
  "controller/ErrorHandler.js": 1600173399000,
  "controller/ErrorHandler-dbg.js": 1600173399000,
  "controller/Detail.controller.js": 1600173399000,
  "controller/Detail-dbg.controller.js": 1600173399000,
  "controller/BaseController.js": 1600173399000,
  "controller/BaseController-dbg.js": 1600173399000,
  "controller/App.controller.js": 1600173399000,
  "controller/App-dbg.controller.js": 1600173399000,
  "Component.js": 1600173399000,
  "Component-preload.js": 1600804024454,
  "Component-dbg.js": 1600173399000,
  "manifest-bundle.zip": 1600804023445,
  "Component-preload-dbg.js": 1600804024454,
  "test/unit/model/models-dbg-dbg.js": 1600173399000,
  "test/unit/model/formatter-dbg-dbg.js": 1600173399000,
  "test/unit/controller/ListSelector-dbg-dbg.js": 1600173399000,
  "test/unit/controller/App-dbg-dbg.controller.js": 1600173399000,
  "test/integration/pages/NotFound-dbg-dbg.js": 1600173399000,
  "test/integration/pages/Master-dbg-dbg.js": 1600173399000,
  "test/integration/pages/Detail-dbg-dbg.js": 1600173399000,
  "test/integration/pages/Common-dbg-dbg.js": 1600173399000,
  "test/integration/pages/Browser-dbg-dbg.js": 1600173399000,
  "test/integration/pages/App-dbg-dbg.js": 1600173399000,
  "test/unit/allTests-dbg-dbg.js": 1600173399000,
  "test/integration/PhoneJourneys-dbg-dbg.js": 1600173399000,
  "test/integration/NotFoundJourneyPhone-dbg-dbg.js": 1600173399000,
  "test/integration/NotFoundJourney-dbg-dbg.js": 1600173399000,
  "test/integration/NavigationJourneyPhone-dbg-dbg.js": 1600173399000,
  "test/integration/NavigationJourney-dbg-dbg.js": 1600173399000,
  "test/integration/MasterJourney-dbg-dbg.js": 1600173399000,
  "test/integration/BusyJourneyPhone-dbg-dbg.js": 1600173399000,
  "test/integration/BusyJourney-dbg-dbg.js": 1600173399000,
  "test/integration/AllJourneys-dbg-dbg.js": 1600173399000,
  "model/models-dbg-dbg.js": 1600173399000,
  "model/formatter-dbg-dbg.js": 1600173399000,
  "localService/mockserver-dbg-dbg.js": 1600173399000,
  "controller/Master-dbg-dbg.controller.js": 1600173399000,
  "controller/ListSelector-dbg-dbg.js": 1600173399000,
  "controller/ErrorHandler-dbg-dbg.js": 1600173399000,
  "controller/Detail-dbg-dbg.controller.js": 1600173399000,
  "controller/BaseController-dbg-dbg.js": 1600173399000,
  "controller/App-dbg-dbg.controller.js": 1600173399000,
  "Component-dbg-dbg.js": 1600173399000,
  "test/unit/model/Icon\r": 1600173399000,
  "test/unit/controller/Icon\r": 1600173399000,
  "test/integration/pages/Icon\r": 1600173399000,
  "test/unit/unitTests.qunit.html": 1600173399000,
  "test/unit/Icon\r": 1600173399000,
  "test/integration/opaTestsPhone.qunit.html": 1600173399000,
  "test/integration/opaTests.qunit.html": 1600173399000,
  "test/integration/Icon\r": 1600173399000,
  "view/ViewSettingsDialog.fragment.xml": 1600173399000,
  "view/NotFound.view.xml": 1600173399000,
  "view/Master.view.xml": 1600173399000,
  "view/Icon\r": 1600173399000,
  "view/Detalle.fragment.xml": 1600173399000,
  "view/DetailObjectNotFound.view.xml": 1600173399000,
  "view/DetailNoObjectsAvailable.view.xml": 1600173399000,
  "view/Detail.view.xml": 1600696771000,
  "view/App.view.xml": 1600173399000,
  "test/testsuite.qunit.html": 1600173399000,
  "test/mockServer.html": 1600173399000,
  "test/Icon\r": 1600173399000,
  "resources/Icon\r": 1600173399000,
  "model/Icon\r": 1600173399000,
  "localService/metadata.xml": 1600173399000,
  "localService/Icon\r": 1600173399000,
  "i18n/Icon\r": 1600173399000,
  "css/Style.css": 1600173399000,
  "css/Icon\r": 1600173399000,
  "controller/Icon\r": 1600173399000,
  "test.html": 1600173399000,
  "index.html": 1600173399000,
  "Icon\r": 1600173399000
}