{
  "Component-dbg.js": 1600173399000,
  "i18n/i18n_es.properties": 1600173399000,
  "i18n/i18n_en.properties": 1600173399000,
  "i18n/i18n.properties": 1600173399000,
  "controller/View1.controller.js": 1600173399000,
  "sap-ui-cachebuster-info.json": 1600173399000,
  "resources.json": 1600173399000,
  "neo-app.json": 1600173399000,
  "manifest.json": 1600804016131,
  "di.code-validation.core_issues.json": 1600173399000,
  "test/unit/controller/View1.controller.js": 1600173399000,
  "test/unit/controller/View1-dbg.controller.js": 1600173399000,
  "test/integration/pages/View1.js": 1600173399000,
  "test/integration/pages/View1-dbg.js": 1600173399000,
  "test/integration/pages/Common.js": 1600173399000,
  "test/integration/pages/Common-dbg.js": 1600173399000,
  "test/unit/allTests.js": 1600173399000,
  "test/unit/allTests-dbg.js": 1600173399000,
  "test/integration/navigationJourney.js": 1600173399000,
  "test/integration/navigationJourney-dbg.js": 1600173399000,
  "test/integration/AllJourneys.js": 1600173399000,
  "test/integration/AllJourneys-dbg.js": 1600173399000,
  "model/models.js": 1600173399000,
  "model/models-dbg.js": 1600173399000,
  "resources/sap-ui-version.json": 1600173399000,
  "controller/View1-dbg.controller.js": 1600173399000,
  "Component.js": 1600173399000,
  "Component-preload.js": 1600804015727,
  "i18n/i18n_pt.properties": 1600173399000,
  "manifest-bundle.zip": 1600804014761,
  "Component-preload-dbg.js": 1600804015727,
  "test/unit/controller/View1-dbg-dbg.controller.js": 1600173399000,
  "test/integration/pages/View1-dbg-dbg.js": 1600173399000,
  "test/integration/pages/Common-dbg-dbg.js": 1600173399000,
  "test/unit/allTests-dbg-dbg.js": 1600173399000,
  "test/integration/navigationJourney-dbg-dbg.js": 1600173399000,
  "test/integration/AllJourneys-dbg-dbg.js": 1600173399000,
  "model/models-dbg-dbg.js": 1600173399000,
  "controller/View1-dbg-dbg.controller.js": 1600173399000,
  "Component-dbg-dbg.js": 1600173399000,
  "test/unit/controller/Icon\r": 1600173399000,
  "test/integration/pages/Icon\r": 1600173399000,
  "test/unit/unitTests.qunit.html": 1600173399000,
  "test/unit/Icon\r": 1600173399000,
  "test/integration/opaTests.qunit.html": 1600173399000,
  "test/integration/Icon\r": 1600173399000,
  "view/View1.view.xml": 1600173399000,
  "view/Icon\r": 1600173399000,
  "view/Agregar.fragment.xml": 1600173399000,
  "test/Icon\r": 1600173399000,
  "resources/Icon\r": 1600173399000,
  "model/Icon\r": 1600173399000,
  "i18n/Icon\r": 1600173399000,
  "css/style.css": 1600173399000,
  "css/Icon\r": 1600173399000,
  "controller/Icon\r": 1600173399000,
  "index.html": 1600173399000,
  "Icon\r": 1600173399000
}