{
  "controller/FileSaver-dbg.js": 1600173399000,
  "i18n/i18n_es.properties": 1600173399000,
  "i18n/i18n_en.properties": 1600173399000,
  "i18n/i18n_pt.properties": 1600173399000,
  "controller/utilities.js": 1600173399000,
  "neo-app.json": 1600173399000,
  "manifest.json": 1600803893398,
  ".project.json": 1600173399000,
  "resources/util/Formatter2.js": 1600173399000,
  "reporte_estretegias/Reporte.view.js": 1600173399000,
  "reporte_estretegias/Reporte.controller.js": 1600173399000,
  "model/models.js": 1600173399000,
  "localService/mockserver.js": 1600173399000,
  "controller/xlsx.js": 1600173399000,
  "controller/xlsx.full.min.js": 1600173399000,
  "test/fakeLRep.json": 1600173399000,
  "controller/dialog_8.controller.js": 1600173399000,
  "controller/TableController.js": 1600173399000,
  "controller/Page1.controller.js": 1600173399000,
  "controller/Formatter2.js": 1600173399000,
  "controller/Formatter.js": 1600173399000,
  "controller/FileSaver.js": 1600173399000,
  "controller/DemoPersoService.js": 1600173399000,
  "controller/Blob.js": 1600173399000,
  "Component.js": 1600173399000,
  "manifest-bundle.zip": 1600803884343,
  "Component-preload.js": 1600803890107,
  "controller/TableController-dbg.js": 1600173399000,
  "reporte_estretegias/Reporte-dbg.view.js": 1600173399000,
  "reporte_estretegias/Reporte-dbg.controller.js": 1600173399000,
  "model/models-dbg.js": 1600173399000,
  "localService/mockserver-dbg.js": 1600173399000,
  "controller/xlsx-dbg.js": 1600173399000,
  "controller/xlsx.full.min-dbg.js": 1600173399000,
  "controller/utilities-dbg.js": 1600173399000,
  "controller/dialog_8-dbg.controller.js": 1600173399000,
  "resources/util/Formatter2-dbg.js": 1600173399000,
  "controller/Page1-dbg.controller.js": 1600173399000,
  "controller/Formatter2-dbg.js": 1600173399000,
  "controller/Formatter-dbg.js": 1600173399000,
  "i18n/i18n.properties": 1600173399000,
  "controller/DemoPersoService-dbg.js": 1600173399000,
  "controller/Blob-dbg.js": 1600173399000,
  "Component-dbg.js": 1600173399000,
  "resources.json": 1600803893402,
  "resources/util/Icon\r": 1600173399000,
  "view/dialog_8.view.xml": 1600173399000,
  "view/Page1.view.xml": 1600173399000,
  "view/Icon\r": 1600173399000,
  "test/testFLPServiceMockServer.html": 1600173399000,
  "test/testFLPService22.html": 1600173399000,
  "test/testFLPService.html": 1600173399000,
  "test/Icon\r": 1600173399000,
  "resources/Icon\r": 1600173399000,
  "reporte_estretegias/Icon\r": 1600173399000,
  "model/Icon\r": 1600173399000,
  "localService/metadata.xml": 1600173399000,
  "localService/Icon\r": 1600173399000,
  "img/logocyt.png": 1600173399000,
  "img/Icon\r": 1600173399000,
  "i18n/Icon\r": 1600173399000,
  "controller/Icon\r": 1600173399000,
  "controller/Dialog2.fragment.xml": 1600173399000,
  "controller/Dialog.fragment.xml": 1600173399000,
  "controller/DOrgCompra.fragment.xml": 1600173399000,
  "controller/DGrpCompra.fragment.xml": 1600173399000,
  "WEB-INF/web.xml": 1600173399000,
  "WEB-INF/Icon\r": 1600173399000,
  "META-INF/MANIFEST.MF": 1600173399000,
  "META-INF/Icon\r": 1600173399000,
  "index.html": 1600173399000,
  "Icon\r": 1600173399000
}